,풍류주택가,풍류매화 주택가,부안 상설매장,부안초등학교,시외버스터미널,풍류매화 상가거리,해뜰마루,TIME
0,1,3,8,3,19,2,0,2021-08-05 1:00
1,0,1,11,3,23,6,0,2021-08-05 2:00
2,1,2,19,3,25,6,0,2021-08-05 3:00
3,1,3,14,2,19,7,0,2021-08-05 4:00
4,0,4,11,2,22,4,0,2021-08-05 5:00
5,0,1,11,2,19,6,0,2021-08-05 6:00
6,1,2,9,2,17,4,0,2021-08-05 7:00
7,0,2,11,3,30,5,0,2021-08-05 8:00
8,0,1,14,2,21,6,0,2021-08-05 9:00
9,1,2,19,4,21,3,0,2021-08-05 10:00
10,1,1,9,2,15,1,0,2021-08-05 11:00
11,1,1,9,4,13,2,0,2021-08-05 12:00
12,1,1,4,5,16,0,0,2021-08-05 13:00
13,1,1,3,2,11,0,0,2021-08-05 14:00
14,1,1,4,4,6,1,0,2021-08-05 15:00
15,1,1,4,4,6,1,0,2021-08-05 16:00
16,1,1,4,3,4,1,0,2021-08-05 17:00
17,1,1,4,3,4,1,0,2021-08-05 18:00
18,1,2,3,3,4,1,0,2021-08-05 19:00
19,0,2,3,4,4,0,0,2021-08-05 20:00
20,0,1,6,2,11,1,0,2021-08-05 21:00
21,0,1,9,2,18,2,0,2021-08-05 22:00
22,0,1,16,5,16,5,0,2021-08-05 23:00
23,1,1,12,2,27,5,0,2021-08-06 0:00
24,0,3,9,3,22,7,0,2021-08-06 1:00
25,0,2,11,4,19,9,0,2021-08-06 2:00
26,1,2,10,3,13,6,0,2021-08-06 3:00
27,0,1,9,2,8,0,0,2021-08-06 4:00
28,0,0,0,0,0,0,0,2021-08-06 5:00
29,0,0,0,0,0,0,0,2021-08-06 6:00
30,0,0,0,0,0,0,0,2021-08-06 7:00
31,0,0,0,0,0,0,0,2021-08-06 8:00
32,0,0,0,0,0,0,0,2021-08-06 9:00
33,0,0,0,0,0,0,0,2021-08-06 10:00
34,0,0,0,0,0,0,0,2021-08-06 11:00
35,0,0,0,0,0,0,0,2021-08-06 12:00
36,0,0,0,0,0,0,0,2021-08-06 13:00
37,0,0,0,0,0,0,0,2021-08-06 14:00
38,0,0,0,0,0,0,0,2021-08-06 15:00
39,0,0,0,0,0,0,0,2021-08-06 16:00
40,0,0,0,0,0,0,0,2021-08-06 17:00
41,0,0,0,0,0,0,0,2021-08-06 18:00
42,0,0,0,0,0,0,0,2021-08-06 19:00
43,0,0,0,0,0,0,0,2021-08-06 20:00
44,0,0,0,0,0,0,0,2021-08-06 21:00
45,0,0,0,0,0,0,0,2021-08-06 22:00
46,0,0,0,0,0,0,0,2021-08-06 23:00
47,0,0,0,0,0,0,0,2021-08-07 0:00
48,0,0,0,0,0,0,0,2021-08-07 1:00
49,0,0,0,0,0,0,0,2021-08-07 2:00
50,0,0,0,0,0,0,0,2021-08-07 3:00
51,0,0,0,0,0,0,0,2021-08-07 4:00
52,0,0,0,0,0,0,0,2021-08-07 5:00
53,0,0,0,0,0,0,0,2021-08-07 6:00
54,0,0,0,0,0,0,0,2021-08-07 7:00
55,0,0,0,0,0,0,0,2021-08-07 8:00
56,0,0,0,0,0,0,0,2021-08-07 9:00
57,0,0,0,0,0,0,0,2021-08-07 10:00
58,0,0,0,0,0,0,0,2021-08-07 11:00
59,0,0,0,0,0,0,0,2021-08-07 12:00
60,0,0,0,0,0,0,0,2021-08-07 13:00
61,0,0,0,0,0,0,0,2021-08-07 14:00
62,0,0,0,0,0,0,0,2021-08-07 15:00
63,0,0,0,0,0,0,0,2021-08-07 16:00
64,0,0,0,0,0,0,0,2021-08-07 17:00
65,0,0,0,0,0,0,0,2021-08-07 18:00
66,0,0,0,0,0,0,0,2021-08-07 19:00
67,0,0,0,0,0,0,0,2021-08-07 20:00
68,0,0,0,0,0,0,0,2021-08-07 21:00
69,0,0,0,0,0,0,0,2021-08-07 22:00
70,0,0,0,0,0,0,0,2021-08-07 23:00
71,0,0,0,0,0,0,0,2021-08-08 0:00
72,0,0,0,0,0,0,0,2021-08-08 1:00
73,0,0,0,0,0,0,0,2021-08-08 2:00
74,0,0,0,0,0,0,0,2021-08-08 3:00
75,0,0,0,0,0,0,0,2021-08-08 4:00
76,0,0,0,0,0,0,0,2021-08-08 5:00
77,0,0,0,0,0,0,0,2021-08-08 6:00
78,0,0,0,0,0,0,0,2021-08-08 7:00
79,0,0,0,0,0,0,0,2021-08-08 8:00
80,0,0,0,0,0,0,0,2021-08-08 9:00
81,0,0,0,0,0,0,0,2021-08-08 10:00
82,0,0,0,0,0,0,0,2021-08-08 11:00
83,0,0,0,0,0,0,0,2021-08-08 12:00
84,0,0,0,0,0,0,0,2021-08-08 13:00
85,0,0,0,0,0,0,0,2021-08-08 14:00
86,0,0,0,0,0,0,0,2021-08-08 15:00
87,0,0,0,0,0,0,0,2021-08-08 16:00
88,0,0,0,0,0,0,0,2021-08-08 17:00
89,0,0,0,0,0,0,0,2021-08-08 18:00
90,0,0,0,0,0,0,0,2021-08-08 19:00
91,0,0,0,0,0,0,0,2021-08-08 20:00
92,0,0,0,0,0,0,0,2021-08-08 21:00
93,0,0,0,0,0,0,0,2021-08-08 22:00
94,0,0,0,0,0,0,0,2021-08-08 23:00
95,0,0,0,0,0,0,0,2021-08-09 0:00
96,0,0,0,0,0,0,0,2021-08-09 1:00
97,0,0,0,0,0,0,0,2021-08-09 2:00
98,0,0,0,0,0,0,0,2021-08-09 3:00
99,0,0,0,0,0,0,0,2021-08-09 4:00
100,0,0,0,0,0,0,0,2021-08-09 5:00
101,0,0,0,0,0,0,0,2021-08-09 6:00
102,0,0,0,0,0,0,0,2021-08-09 7:00
103,0,0,0,0,0,0,0,2021-08-09 8:00
104,0,0,0,0,0,0,0,2021-08-09 9:00
105,0,0,0,0,0,0,0,2021-08-09 10:00
106,0,0,0,0,0,0,0,2021-08-09 11:00
107,0,0,0,0,0,0,0,2021-08-09 12:00
108,0,0,0,0,0,0,0,2021-08-09 13:00
109,0,0,0,0,0,0,0,2021-08-09 14:00
110,0,0,0,0,0,0,0,2021-08-09 15:00
111,0,0,0,0,0,0,0,2021-08-09 16:00
112,0,0,0,0,0,0,0,2021-08-09 17:00
113,0,0,0,0,0,0,0,2021-08-09 18:00
114,0,0,0,0,0,0,0,2021-08-09 19:00
115,0,0,0,0,0,0,0,2021-08-09 20:00
116,0,0,0,0,0,0,0,2021-08-09 21:00
117,0,0,0,0,0,0,0,2021-08-09 22:00
118,0,0,0,0,0,0,0,2021-08-09 23:00
119,0,0,0,0,0,0,0,2021-08-10 0:00
120,0,0,0,0,0,0,0,2021-08-10 1:00
121,0,0,0,0,0,0,0,2021-08-10 2:00
122,0,0,0,0,0,0,0,2021-08-10 3:00
123,0,0,0,0,0,0,0,2021-08-10 4:00
124,0,0,0,0,0,0,0,2021-08-10 5:00
125,0,0,0,0,0,0,0,2021-08-10 6:00
126,0,0,0,0,0,0,0,2021-08-10 7:00
127,0,0,0,0,0,0,0,2021-08-10 8:00
128,0,0,0,0,0,0,0,2021-08-10 9:00
129,0,0,0,0,0,0,0,2021-08-10 10:00
130,0,0,0,0,0,0,0,2021-08-10 11:00
131,0,0,0,0,0,0,0,2021-08-10 12:00
132,0,0,0,0,0,0,0,2021-08-10 13:00
133,0,0,0,0,0,0,0,2021-08-10 14:00
134,0,0,0,0,0,0,0,2021-08-10 15:00
135,0,0,0,0,0,0,0,2021-08-10 16:00
136,0,0,0,0,0,0,0,2021-08-10 17:00
137,0,0,0,0,0,0,0,2021-08-10 18:00
138,0,0,0,0,0,0,0,2021-08-10 19:00
139,0,0,0,0,0,0,0,2021-08-10 20:00
140,0,0,0,0,0,0,0,2021-08-10 21:00
141,0,0,0,0,0,0,0,2021-08-10 22:00
142,0,0,0,0,0,0,0,2021-08-10 23:00
143,0,0,0,0,0,0,0,2021-08-11 0:00
144,0,0,0,0,0,0,0,2021-08-11 1:00
145,0,0,0,0,0,0,0,2021-08-11 2:00
146,0,0,0,0,0,0,0,2021-08-11 3:00
147,0,0,0,0,0,0,0,2021-08-11 4:00
148,0,0,0,0,0,0,0,2021-08-11 5:00
149,0,0,0,0,0,0,0,2021-08-11 6:00
150,0,0,0,0,0,0,0,2021-08-11 7:00
151,0,0,0,0,0,0,0,2021-08-11 8:00
152,0,0,0,0,0,0,0,2021-08-11 9:00
153,0,0,0,0,0,0,0,2021-08-11 10:00
154,0,0,0,0,0,0,0,2021-08-11 11:00
155,0,0,0,0,0,0,0,2021-08-11 12:00
156,0,0,0,0,0,0,0,2021-08-11 13:00
157,0,0,0,0,0,0,0,2021-08-11 14:00
158,0,0,0,0,0,0,0,2021-08-11 15:00
159,0,0,0,0,0,0,0,2021-08-11 16:00
160,0,0,0,0,0,0,0,2021-08-11 17:00
161,0,0,0,0,0,0,0,2021-08-11 18:00
162,0,0,0,0,0,0,0,2021-08-11 19:00
163,0,0,0,0,0,0,0,2021-08-11 20:00
164,0,0,0,0,0,0,0,2021-08-11 21:00
165,0,0,0,0,0,0,0,2021-08-11 22:00
166,0,0,0,0,0,0,0,2021-08-11 23:00
167,0,0,0,0,0,0,0,2021-08-12 0:00
168,0,0,0,0,0,0,0,2021-08-12 1:00
169,0,0,0,0,0,0,0,2021-08-12 2:00
170,0,0,0,0,0,0,0,2021-08-12 3:00
171,0,0,0,0,0,0,0,2021-08-12 4:00
172,0,0,0,0,0,0,0,2021-08-12 5:00
173,0,0,0,0,0,0,0,2021-08-12 6:00
174,0,0,0,0,0,0,0,2021-08-12 7:00
175,0,0,0,0,0,0,0,2021-08-12 8:00
176,0,0,0,0,0,0,0,2021-08-12 9:00
177,0,0,0,0,0,0,0,2021-08-12 10:00
178,0,0,0,0,0,0,0,2021-08-12 11:00
179,0,0,0,0,0,0,0,2021-08-12 12:00
180,0,0,0,0,0,0,0,2021-08-12 13:00
181,0,0,0,0,0,0,0,2021-08-12 14:00
182,0,0,0,0,0,0,0,2021-08-12 15:00
183,0,0,0,0,0,0,0,2021-08-12 16:00
184,0,0,0,0,0,0,0,2021-08-12 17:00
185,0,0,0,0,0,0,0,2021-08-12 18:00
186,0,0,0,0,0,0,0,2021-08-12 19:00
187,0,0,0,0,0,0,0,2021-08-12 20:00
188,0,0,0,0,0,0,0,2021-08-12 21:00
189,0,0,0,0,0,0,0,2021-08-12 22:00
190,0,0,0,0,0,0,0,2021-08-12 23:00
191,0,0,0,0,0,0,0,2021-08-13 0:00
192,0,0,0,0,0,0,0,2021-08-13 1:00
193,0,0,0,0,0,0,0,2021-08-13 2:00
194,0,0,0,0,0,0,0,2021-08-13 3:00
195,0,0,0,0,0,0,0,2021-08-13 4:00
196,0,0,0,0,0,0,0,2021-08-13 5:00
197,0,0,0,0,0,0,0,2021-08-13 6:00
198,0,0,0,0,0,0,0,2021-08-13 7:00
199,0,0,0,0,0,0,0,2021-08-13 8:00
200,0,0,0,0,0,0,0,2021-08-13 9:00
201,0,0,0,0,0,0,0,2021-08-13 10:00
202,0,0,0,0,0,0,0,2021-08-13 11:00
203,0,0,0,0,0,0,0,2021-08-13 12:00
204,0,0,0,0,0,0,0,2021-08-13 13:00
205,0,0,0,0,0,0,0,2021-08-13 14:00
206,0,0,0,0,0,0,0,2021-08-13 15:00
207,0,0,0,0,0,0,0,2021-08-13 16:00
208,0,0,0,0,0,0,0,2021-08-13 17:00
209,0,0,0,0,0,0,0,2021-08-13 18:00
210,0,0,0,0,0,0,0,2021-08-13 19:00
211,0,0,0,0,0,0,0,2021-08-13 20:00
212,0,0,0,0,0,0,0,2021-08-13 21:00
213,0,0,0,0,0,0,0,2021-08-13 22:00
214,0,0,0,0,0,0,0,2021-08-13 23:00
215,0,0,0,0,0,0,0,2021-08-14 0:00
216,0,0,0,0,0,0,0,2021-08-14 1:00
217,0,0,0,0,0,0,0,2021-08-14 2:00
218,0,0,0,0,0,0,0,2021-08-14 3:00
219,0,0,0,0,0,0,0,2021-08-14 4:00
220,0,0,0,0,0,0,0,2021-08-14 5:00
221,0,0,0,0,0,0,0,2021-08-14 6:00
222,0,0,0,0,0,0,0,2021-08-14 7:00
223,0,0,0,0,0,0,0,2021-08-14 8:00
224,0,0,0,0,0,0,0,2021-08-14 9:00
225,0,0,0,0,0,0,0,2021-08-14 10:00
226,0,0,0,0,0,0,0,2021-08-14 11:00
227,0,0,0,0,0,0,0,2021-08-14 12:00
228,0,0,0,0,0,0,0,2021-08-14 13:00
229,0,0,0,0,0,0,0,2021-08-14 14:00
230,0,0,0,0,0,0,0,2021-08-14 15:00
231,0,0,0,0,0,0,0,2021-08-14 16:00
232,0,0,0,0,0,0,0,2021-08-14 17:00
233,0,0,0,0,0,0,0,2021-08-14 18:00
234,0,0,0,0,0,0,0,2021-08-14 19:00
235,0,0,0,0,0,0,0,2021-08-14 20:00
236,0,0,0,0,0,0,0,2021-08-14 21:00
237,0,0,0,0,0,0,0,2021-08-14 22:00
238,0,0,0,0,0,0,0,2021-08-14 23:00
239,0,0,0,0,0,0,0,2021-08-15 0:00
240,0,0,0,0,0,0,0,2021-08-15 1:00
241,0,0,0,0,0,0,0,2021-08-15 2:00
242,0,0,0,0,0,0,0,2021-08-15 3:00
243,0,0,0,0,0,0,0,2021-08-15 4:00
244,0,0,0,0,0,0,0,2021-08-15 5:00
245,0,0,0,0,0,0,0,2021-08-15 6:00
246,0,0,0,0,0,0,0,2021-08-15 7:00
247,0,0,0,0,0,0,0,2021-08-15 8:00
248,0,0,0,0,0,0,0,2021-08-15 9:00
249,0,0,0,0,0,0,0,2021-08-15 10:00
250,0,0,0,0,0,0,0,2021-08-15 11:00
251,0,0,0,0,0,0,0,2021-08-15 12:00
252,0,0,0,0,0,0,0,2021-08-15 13:00
253,0,0,0,0,0,0,0,2021-08-15 14:00
254,0,0,0,0,0,0,0,2021-08-15 15:00
255,0,0,0,0,0,0,0,2021-08-15 16:00
256,0,0,0,0,0,0,0,2021-08-15 17:00
257,0,0,0,0,0,0,0,2021-08-15 18:00
258,0,0,0,0,0,0,0,2021-08-15 19:00
259,0,0,0,0,0,0,0,2021-08-15 20:00
260,0,0,0,0,0,0,0,2021-08-15 21:00
261,0,0,0,0,0,0,0,2021-08-15 22:00
262,0,0,0,0,0,0,0,2021-08-15 23:00
263,0,0,0,0,0,0,0,2021-08-16 0:00
264,0,0,0,0,0,0,0,2021-08-16 1:00
265,0,0,0,0,0,0,0,2021-08-16 2:00
266,0,0,0,0,0,0,0,2021-08-16 3:00
267,0,0,0,0,0,0,0,2021-08-16 4:00
268,0,0,0,0,0,0,0,2021-08-16 5:00
269,0,0,0,0,0,0,0,2021-08-16 6:00
270,0,0,0,0,0,0,0,2021-08-16 7:00
271,0,0,0,0,0,0,0,2021-08-16 8:00
272,0,0,0,0,0,0,0,2021-08-16 9:00
273,0,0,0,0,0,0,0,2021-08-16 10:00
274,0,0,0,0,0,0,0,2021-08-16 11:00
275,0,0,0,0,0,0,0,2021-08-16 12:00
276,0,0,0,0,0,0,0,2021-08-16 13:00
277,0,0,0,0,0,0,0,2021-08-16 14:00
278,0,0,0,0,0,0,0,2021-08-16 15:00
279,0,0,0,0,0,0,0,2021-08-16 16:00
280,0,0,0,0,0,0,0,2021-08-16 17:00
281,0,0,0,0,0,0,0,2021-08-16 18:00
282,0,0,0,0,0,0,0,2021-08-16 19:00
283,0,0,0,0,0,0,0,2021-08-16 20:00
284,0,0,0,0,0,0,0,2021-08-16 21:00
285,0,0,0,0,0,0,0,2021-08-16 22:00
286,0,0,0,0,0,0,0,2021-08-16 23:00
287,0,0,0,0,0,0,0,2021-08-17 0:00
288,0,0,0,0,0,0,0,2021-08-17 1:00
289,0,0,0,0,0,0,0,2021-08-17 2:00
290,0,0,0,0,0,0,0,2021-08-17 3:00
291,0,0,0,0,0,0,0,2021-08-17 4:00
292,0,0,0,0,0,0,0,2021-08-17 5:00
293,0,0,0,0,0,0,0,2021-08-17 6:00
294,0,0,0,0,0,0,0,2021-08-17 7:00
295,0,0,0,0,0,0,0,2021-08-17 8:00
296,0,0,0,0,0,0,0,2021-08-17 9:00
297,0,0,0,0,0,0,0,2021-08-17 10:00
298,0,0,0,0,0,0,0,2021-08-17 11:00
299,0,0,0,0,0,0,0,2021-08-17 12:00
300,0,0,0,0,0,0,0,2021-08-17 13:00
301,0,0,0,0,0,0,0,2021-08-17 14:00
302,0,0,0,0,0,0,0,2021-08-17 15:00
303,0,0,0,0,0,0,0,2021-08-17 16:00
304,0,0,0,0,0,0,0,2021-08-17 17:00
305,0,0,0,0,0,0,0,2021-08-17 18:00
306,0,0,0,0,0,0,0,2021-08-17 19:00
307,0,0,0,0,0,0,0,2021-08-17 20:00
308,0,0,0,0,0,0,0,2021-08-17 21:00
309,0,0,0,0,0,0,0,2021-08-17 22:00
310,0,0,0,0,0,0,0,2021-08-17 23:00
311,0,0,0,0,0,0,0,2021-08-18 0:00
312,0,0,0,0,0,0,0,2021-08-18 1:00
313,0,0,0,0,0,0,0,2021-08-18 2:00
314,0,0,0,0,0,0,0,2021-08-18 3:00
315,0,0,0,0,0,0,0,2021-08-18 4:00
316,0,0,1,0,0,0,0,2021-08-18 5:00
317,0,1,2,2,3,0,0,2021-08-18 6:00
318,0,2,17,4,20,0,0,2021-08-18 7:00
319,1,9,19,6,27,3,0,2021-08-18 8:00
320,1,2,16,5,24,6,0,2021-08-18 9:00
321,0,2,14,5,28,6,0,2021-08-18 10:00
322,1,3,14,5,21,8,0,2021-08-18 11:00
323,0,2,14,4,17,3,0,2021-08-18 12:00
324,1,1,6,3,11,4,0,2021-08-18 13:00
325,0,1,6,5,13,1,0,2021-08-18 14:00
326,0,1,8,3,13,1,0,2021-08-18 15:00
327,0,1,3,4,6,0,0,2021-08-18 16:00
328,0,1,4,4,4,1,0,2021-08-18 17:00
329,0,1,3,4,5,0,0,2021-08-18 18:00
330,0,2,4,4,4,1,0,2021-08-18 19:00
331,0,1,3,3,5,1,0,2021-08-18 20:00
332,0,2,4,3,8,1,0,2021-08-18 21:00
333,0,2,8,4,23,4,0,2021-08-18 22:00
334,1,2,10,4,31,3,0,2021-08-18 23:00
335,0,1,10,6,28,5,0,2021-08-19 0:00
336,0,3,9,5,33,2,0,2021-08-19 1:00
337,1,5,11,4,27,1,0,2021-08-19 2:00
338,0,4,13,3,29,2,0,2021-08-19 3:00
339,2,7,12,4,27,7,0,2021-08-19 4:00
340,0,3,15,5,29,7,0,2021-08-19 5:00
341,0,1,26,5,25,6,0,2021-08-19 6:00
342,0,2,13,4,30,5,0,2021-08-19 7:00
343,1,1,21,3,26,3,0,2021-08-19 8:00
344,1,3,18,5,33,4,0,2021-08-19 9:00
345,1,2,14,7,28,3,0,2021-08-19 10:00
346,1,1,13,6,17,2,0,2021-08-19 11:00
347,0,4,9,6,16,1,0,2021-08-19 12:00
348,0,1,6,6,11,3,0,2021-08-19 13:00
349,0,2,5,8,11,2,0,2021-08-19 14:00
350,0,3,5,8,12,2,0,2021-08-19 15:00
351,0,1,3,6,11,2,0,2021-08-19 16:00
352,0,1,3,7,7,1,0,2021-08-19 17:00
353,0,1,4,8,6,1,0,2021-08-19 18:00
354,0,2,3,7,5,1,0,2021-08-19 19:00
355,0,2,4,6,6,1,0,2021-08-19 20:00
356,0,2,6,5,12,1,0,2021-08-19 21:00
357,1,1,6,7,17,2,0,2021-08-19 22:00
358,1,3,11,5,28,6,0,2021-08-19 23:00
359,0,3,10,12,22,7,0,2021-08-20 0:00
360,1,2,16,6,30,6,0,2021-08-20 1:00
361,0,1,17,3,27,6,0,2021-08-20 2:00
362,0,6,17,6,27,7,0,2021-08-20 3:00
363,1,2,18,4,31,8,0,2021-08-20 4:00
364,0,4,17,3,24,3,0,2021-08-20 5:00
365,2,3,17,7,24,3,0,2021-08-20 6:00
366,0,1,14,5,18,8,0,2021-08-20 7:00
367,0,2,11,5,28,7,0,2021-08-20 8:00
368,1,2,18,5,27,6,0,2021-08-20 9:00
369,0,4,17,5,24,2,0,2021-08-20 10:00
370,0,2,15,7,17,6,0,2021-08-20 11:00
371,0,1,11,6,17,4,0,2021-08-20 12:00
372,0,1,9,7,10,3,0,2021-08-20 13:00
373,1,1,6,6,10,4,0,2021-08-20 14:00
374,0,1,5,7,6,1,0,2021-08-20 15:00
375,0,1,5,6,9,1,0,2021-08-20 16:00
376,0,1,3,6,6,2,0,2021-08-20 17:00
377,0,1,3,7,6,1,0,2021-08-20 18:00
378,0,1,3,6,5,1,0,2021-08-20 19:00
379,0,1,4,4,6,1,0,2021-08-20 20:00
380,0,1,4,4,11,1,0,2021-08-20 21:00
381,0,1,8,5,23,1,0,2021-08-20 22:00
382,0,2,11,5,29,7,0,2021-08-20 23:00
383,0,2,10,9,26,1,0,2021-08-21 0:00
384,1,1,9,6,26,4,0,2021-08-21 1:00
385,0,3,10,5,18,1,0,2021-08-21 2:00
386,0,4,15,7,20,3,0,2021-08-21 3:00
387,0,6,12,6,25,1,0,2021-08-21 4:00
388,0,2,14,5,25,3,0,2021-08-21 5:00
389,1,2,18,3,15,2,0,2021-08-21 6:00
390,2,3,21,4,10,1,0,2021-08-21 7:00
391,0,5,19,5,17,2,0,2021-08-21 8:00
392,2,1,18,5,22,2,0,2021-08-21 9:00
393,2,1,19,6,12,3,0,2021-08-21 10:00
394,1,1,10,6,18,5,0,2021-08-21 11:00
395,0,2,5,7,13,3,0,2021-08-21 12:00
396,1,1,6,6,8,2,0,2021-08-21 13:00
397,2,1,5,7,4,1,0,2021-08-21 14:00
398,1,1,4,5,4,1,0,2021-08-21 15:00
399,0,2,6,4,4,0,0,2021-08-21 16:00
400,0,2,4,5,4,1,0,2021-08-21 17:00
401,0,1,3,5,7,1,0,2021-08-21 18:00
402,1,2,3,5,5,2,0,2021-08-21 19:00
403,0,2,4,5,8,1,0,2021-08-21 20:00
404,0,2,4,5,9,2,0,2021-08-21 21:00
405,1,4,4,4,12,2,0,2021-08-21 22:00
406,1,2,9,6,21,4,0,2021-08-21 23:00
407,1,1,13,5,18,3,0,2021-08-22 0:00
408,0,2,11,4,20,7,0,2021-08-22 1:00
409,0,4,7,6,22,2,0,2021-08-22 2:00
410,1,1,15,4,16,3,0,2021-08-22 3:00
411,1,5,13,5,15,4,0,2021-08-22 4:00
412,0,2,12,4,18,0,0,2021-08-22 5:00
413,4,2,10,3,15,1,0,2021-08-22 6:00
414,3,2,10,5,27,1,0,2021-08-22 7:00
415,0,4,15,5,14,1,0,2021-08-22 8:00
416,1,2,12,6,24,5,0,2021-08-22 9:00
417,0,4,11,6,33,5,0,2021-08-22 10:00
418,1,1,11,6,18,3,0,2021-08-22 11:00
419,1,1,7,6,9,4,0,2021-08-22 12:00
420,0,2,4,5,9,4,0,2021-08-22 13:00
421,0,1,3,6,13,1,0,2021-08-22 14:00
422,0,1,3,7,12,0,0,2021-08-22 15:00
423,0,1,7,7,9,2,0,2021-08-22 16:00
424,0,1,6,6,6,1,0,2021-08-22 17:00
425,0,1,3,5,5,1,0,2021-08-22 18:00
426,0,1,3,5,5,0,0,2021-08-22 19:00
427,0,1,3,4,4,1,0,2021-08-22 20:00
428,1,1,9,4,6,0,0,2021-08-22 21:00
429,0,1,4,5,14,2,0,2021-08-22 22:00
430,1,3,9,6,18,4,0,2021-08-22 23:00
431,0,2,14,6,25,5,0,2021-08-23 0:00
432,0,5,16,8,30,3,0,2021-08-23 1:00
433,0,3,12,7,12,1,0,2021-08-23 2:00
434,0,4,17,6,24,4,0,2021-08-23 3:00
435,1,3,11,6,22,2,0,2021-08-23 4:00
436,1,2,12,9,25,0,0,2021-08-23 5:00
437,0,4,13,10,17,2,0,2021-08-23 6:00
438,1,3,18,8,16,4,0,2021-08-23 7:00
439,1,3,21,6,25,8,0,2021-08-23 8:00
440,0,1,16,5,26,6,0,2021-08-23 9:00
441,0,2,11,7,24,5,0,2021-08-23 10:00
442,0,1,6,5,13,0,0,2021-08-23 11:00
443,1,1,7,6,7,1,0,2021-08-23 12:00
444,0,1,5,5,8,2,0,2021-08-23 13:00
445,0,1,4,6,8,1,0,2021-08-23 14:00
446,0,1,4,5,6,1,0,2021-08-23 15:00
447,0,1,3,4,7,0,0,2021-08-23 16:00
448,0,1,2,4,3,0,0,2021-08-23 17:00
449,0,1,2,4,4,1,0,2021-08-23 18:00
450,0,1,2,4,3,1,0,2021-08-23 19:00
451,0,1,3,4,3,1,0,2021-08-23 20:00
452,0,1,3,3,5,2,0,2021-08-23 21:00
453,0,1,6,5,7,1,0,2021-08-23 22:00
454,1,2,9,7,11,3,0,2021-08-23 23:00
455,1,2,11,7,12,0,0,2021-08-24 0:00
456,0,1,8,5,29,3,0,2021-08-24 1:00
457,0,2,12,6,26,2,0,2021-08-24 2:00
458,1,3,15,8,36,7,0,2021-08-24 3:00
459,0,3,14,5,24,7,0,2021-08-24 4:00
460,1,1,19,9,33,7,0,2021-08-24 5:00
461,0,2,16,6,21,1,0,2021-08-24 6:00
462,1,3,15,5,23,6,0,2021-08-24 7:00
463,0,2,13,5,29,3,0,2021-08-24 8:00
464,1,2,17,4,21,6,0,2021-08-24 9:00
465,0,4,16,7,20,11,0,2021-08-24 10:00
466,0,2,11,5,17,8,0,2021-08-24 11:00
467,0,2,9,5,13,2,0,2021-08-24 12:00
468,1,2,4,4,14,0,0,2021-08-24 13:00
469,0,3,5,4,9,2,0,2021-08-24 14:00
470,0,2,3,5,8,1,0,2021-08-24 15:00
471,0,2,6,4,9,1,0,2021-08-24 16:00
472,0,1,5,4,6,0,0,2021-08-24 17:00
473,0,2,3,5,6,0,0,2021-08-24 18:00
474,0,3,2,5,6,1,0,2021-08-24 19:00
475,0,3,4,6,8,0,0,2021-08-24 20:00
476,0,2,5,5,13,0,0,2021-08-24 21:00
477,0,3,7,5,13,2,0,2021-08-24 22:00
478,1,3,12,8,32,7,0,2021-08-24 23:00
479,0,1,17,7,27,5,0,2021-08-25 0:00
480,0,6,21,8,29,2,0,2021-08-25 1:00
481,1,4,21,5,40,3,0,2021-08-25 2:00
482,2,3,19,5,30,10,0,2021-08-25 3:00
483,1,4,22,7,30,4,0,2021-08-25 4:00
484,2,3,19,8,17,3,0,2021-08-25 5:00
485,1,6,16,7,20,2,0,2021-08-25 6:00
486,1,4,20,5,16,2,0,2021-08-25 7:00
487,0,1,23,7,39,1,0,2021-08-25 8:00
488,0,2,15,6,25,8,0,2021-08-25 9:00
489,1,3,12,5,22,4,0,2021-08-25 10:00
490,0,4,11,5,15,5,0,2021-08-25 11:00
491,0,3,5,3,14,3,0,2021-08-25 12:00
492,1,1,7,4,9,1,0,2021-08-25 13:00
493,1,1,7,5,9,2,0,2021-08-25 14:00
494,1,1,6,5,6,2,0,2021-08-25 15:00
495,1,1,4,4,7,1,0,2021-08-25 16:00
496,1,1,2,5,5,1,0,2021-08-25 17:00
497,1,1,2,5,5,2,0,2021-08-25 18:00
498,1,1,2,4,5,2,0,2021-08-25 19:00
499,1,1,2,5,6,1,0,2021-08-25 20:00
500,1,1,3,4,7,1,0,2021-08-25 21:00
501,1,1,13,5,13,1,0,2021-08-25 22:00
502,1,1,19,10,30,5,0,2021-08-25 23:00
503,2,3,14,7,26,7,0,2021-08-26 0:00
504,0,3,14,5,28,5,0,2021-08-26 1:00
505,0,3,13,3,31,4,0,2021-08-26 2:00
506,1,4,11,3,30,7,0,2021-08-26 3:00
507,1,2,14,3,27,7,0,2021-08-26 4:00
508,0,3,15,5,29,5,0,2021-08-26 5:00
509,0,1,15,7,13,4,0,2021-08-26 6:00
510,1,3,12,3,24,6,0,2021-08-26 7:00
511,0,4,22,6,22,2,0,2021-08-26 8:00
512,1,2,13,6,26,7,0,2021-08-26 9:00
513,1,3,15,5,27,9,0,2021-08-26 10:00
514,1,1,10,5,19,6,0,2021-08-26 11:00
515,0,1,7,3,21,4,0,2021-08-26 12:00
516,0,1,7,6,8,2,0,2021-08-26 13:00
517,1,2,6,4,10,2,0,2021-08-26 14:00
518,1,1,4,4,8,2,0,2021-08-26 15:00
519,0,1,4,6,12,3,0,2021-08-26 16:00
520,0,1,4,4,7,2,0,2021-08-26 17:00
521,0,2,3,5,7,2,0,2021-08-26 18:00
522,0,2,2,5,5,1,0,2021-08-26 19:00
523,2,1,4,5,5,2,0,2021-08-26 20:00
524,1,3,8,5,10,3,0,2021-08-26 21:00
525,2,1,10,8,13,5,0,2021-08-26 22:00
526,1,1,12,5,23,4,0,2021-08-26 23:00
527,3,1,12,6,27,0,0,2021-08-27 0:00
528,0,3,16,5,23,4,0,2021-08-27 1:00
529,0,2,17,7,20,9,0,2021-08-27 2:00
530,1,3,15,6,25,6,0,2021-08-27 3:00
531,1,4,16,4,32,4,0,2021-08-27 4:00
532,1,1,12,5,26,3,0,2021-08-27 5:00
533,0,1,18,6,23,3,0,2021-08-27 6:00
534,0,7,20,4,27,4,0,2021-08-27 7:00
535,0,4,14,3,24,5,0,2021-08-27 8:00
536,1,3,18,4,30,5,0,2021-08-27 9:00
537,0,2,12,4,21,10,0,2021-08-27 10:00
538,0,2,12,3,19,4,0,2021-08-27 11:00
539,0,1,6,4,9,4,0,2021-08-27 12:00
540,1,2,6,4,13,3,0,2021-08-27 13:00
541,1,2,4,3,10,3,0,2021-08-27 14:00
542,0,1,4,3,8,2,0,2021-08-27 15:00
543,0,1,5,4,7,2,0,2021-08-27 16:00
544,0,1,3,3,5,2,0,2021-08-27 17:00
545,0,2,3,4,5,2,0,2021-08-27 18:00
546,0,2,4,4,5,2,0,2021-08-27 19:00
547,0,1,4,5,8,2,0,2021-08-27 20:00
548,1,2,6,5,9,3,0,2021-08-27 21:00
549,1,2,8,6,15,3,0,2021-08-27 22:00
550,1,2,10,8,22,7,0,2021-08-27 23:00
551,1,4,12,5,38,4,0,2021-08-28 0:00
552,0,4,18,5,32,5,0,2021-08-28 1:00
553,1,5,14,5,22,6,0,2021-08-28 2:00
554,0,11,15,5,24,3,0,2021-08-28 3:00
555,1,1,19,9,22,6,0,2021-08-28 4:00
556,4,4,17,6,22,4,0,2021-08-28 5:00
557,0,4,17,6,23,4,0,2021-08-28 6:00
558,2,6,20,6,21,2,0,2021-08-28 7:00
559,0,9,17,7,24,7,0,2021-08-28 8:00
560,1,2,13,6,24,7,0,2021-08-28 9:00
561,1,4,11,6,27,10,0,2021-08-28 10:00
562,1,3,10,6,17,4,0,2021-08-28 11:00
563,1,1,7,5,20,5,0,2021-08-28 12:00
564,0,2,4,7,11,3,0,2021-08-28 13:00
565,0,1,6,5,11,3,0,2021-08-28 14:00
566,1,1,6,6,7,2,0,2021-08-28 15:00
567,0,1,6,5,7,3,0,2021-08-28 16:00
568,0,1,6,4,4,2,0,2021-08-28 17:00
569,0,1,6,5,4,2,0,2021-08-28 18:00
570,0,1,4,6,3,2,0,2021-08-28 19:00
571,0,1,3,5,4,2,0,2021-08-28 20:00
572,0,1,4,6,5,1,0,2021-08-28 21:00
573,0,1,4,6,10,1,0,2021-08-28 22:00
574,0,0,0,0,0,0,0,2021-08-28 23:00
575,0,4,13,3,45,8,0,2021-08-29 0:00
576,0,1,16,5,14,2,0,2021-08-29 1:00
577,0,2,11,3,19,4,0,2021-08-29 2:00
578,1,2,16,6,23,4,0,2021-08-29 3:00
579,0,5,17,6,28,2,0,2021-08-29 4:00
580,1,1,14,4,20,1,0,2021-08-29 5:00
581,1,4,12,4,13,2,0,2021-08-29 6:00
582,0,2,13,5,15,1,0,2021-08-29 7:00
583,0,4,14,5,22,5,0,2021-08-29 8:00
584,0,4,16,6,30,5,0,2021-08-29 9:00
585,0,2,15,6,27,4,0,2021-08-29 10:00
586,0,2,8,5,20,2,0,2021-08-29 11:00
587,0,1,4,5,18,1,0,2021-08-29 12:00
588,0,1,5,7,6,2,0,2021-08-29 13:00
589,0,1,5,4,5,3,0,2021-08-29 14:00
590,0,1,3,5,5,4,0,2021-08-29 15:00
591,0,1,4,5,3,2,0,2021-08-29 16:00
592,0,1,3,5,7,3,0,2021-08-29 17:00
593,0,1,4,6,7,3,0,2021-08-29 18:00
594,0,1,4,6,5,3,0,2021-08-29 19:00
595,0,1,4,5,6,2,0,2021-08-29 20:00
596,0,2,8,7,10,3,0,2021-08-29 21:00
597,0,1,12,6,19,4,0,2021-08-29 22:00
598,2,4,17,15,40,5,0,2021-08-29 23:00
599,1,3,13,10,23,9,0,2021-08-30 0:00
600,1,3,16,6,43,9,0,2021-08-30 1:00
601,0,4,13,5,27,7,0,2021-08-30 2:00
602,1,3,16,8,25,5,0,2021-08-30 3:00
603,3,6,16,9,29,4,0,2021-08-30 4:00
604,1,6,22,6,29,8,0,2021-08-30 5:00
605,2,2,22,10,30,2,0,2021-08-30 6:00
606,1,3,18,8,24,4,0,2021-08-30 7:00
607,1,6,15,6,31,7,0,2021-08-30 8:00
608,4,2,20,5,26,8,0,2021-08-30 9:00
609,1,3,16,7,27,6,0,2021-08-30 10:00
610,0,2,9,4,21,3,0,2021-08-30 11:00
611,0,1,7,4,11,4,0,2021-08-30 12:00
612,0,2,6,4,15,3,0,2021-08-30 13:00
613,1,1,4,5,8,5,0,2021-08-30 14:00
614,1,1,5,5,7,4,0,2021-08-30 15:00
615,1,1,5,4,7,2,0,2021-08-30 16:00
616,1,1,5,5,5,3,0,2021-08-30 17:00
617,0,1,5,6,7,3,0,2021-08-30 18:00
618,0,2,4,6,6,2,0,2021-08-30 19:00
619,1,2,4,6,8,2,0,2021-08-30 20:00
620,1,2,7,6,11,3,0,2021-08-30 21:00
621,1,2,11,8,19,3,0,2021-08-30 22:00
622,3,6,16,13,25,7,0,2021-08-30 23:00
623,0,4,14,6,22,10,0,2021-08-31 0:00
624,1,1,14,4,25,7,0,2021-08-31 1:00
625,0,2,13,6,27,4,0,2021-08-31 2:00
626,1,2,9,3,25,9,0,2021-08-31 3:00
627,2,3,17,5,35,5,0,2021-08-31 4:00
628,0,3,15,9,30,6,0,2021-08-31 5:00
629,0,6,10,8,17,1,0,2021-08-31 6:00
630,1,2,13,5,20,3,0,2021-08-31 7:00
631,2,3,13,6,26,4,0,2021-08-31 8:00
632,1,4,16,4,29,6,0,2021-08-31 9:00
633,2,4,12,7,23,6,0,2021-08-31 10:00
634,1,1,9,4,15,4,0,2021-08-31 11:00
635,0,2,10,6,9,2,0,2021-08-31 12:00
636,1,1,6,3,7,2,0,2021-08-31 13:00
637,1,1,6,2,6,1,0,2021-08-31 14:00
638,1,1,5,6,5,1,0,2021-08-31 15:00
639,0,1,3,6,5,1,0,2021-08-31 16:00
640,0,1,3,5,5,1,0,2021-08-31 17:00
641,0,1,3,4,5,1,0,2021-08-31 18:00
642,0,2,3,5,4,0,0,2021-08-31 19:00
643,0,1,3,5,5,0,0,2021-08-31 20:00
644,1,1,4,4,4,1,0,2021-08-31 21:00
645,1,1,7,5,8,0,0,2021-08-31 22:00
646,3,3,16,7,18,2,0,2021-08-31 23:00
647,3,3,19,4,18,3,0,2021-09-01 0:00
648,0,4,20,4,24,6,0,2021-09-01 1:00
649,1,2,17,5,24,2,0,2021-09-01 2:00
650,3,7,19,6,25,3,0,2021-09-01 3:00
651,2,3,27,3,38,6,0,2021-09-01 4:00
652,1,3,21,5,30,6,0,2021-09-01 5:00
653,2,6,19,14,15,5,0,2021-09-01 6:00
654,1,7,20,9,27,6,0,2021-09-01 7:00
655,2,2,17,8,21,4,0,2021-09-01 8:00
656,1,3,16,5,36,6,0,2021-09-01 9:00
657,1,1,18,6,24,6,0,2021-09-01 10:00
658,0,1,8,5,19,3,0,2021-09-01 11:00
659,0,1,10,5,14,5,0,2021-09-01 12:00
660,1,1,6,6,13,1,0,2021-09-01 13:00
661,1,1,6,7,8,0,0,2021-09-01 14:00
662,0,1,7,5,6,0,0,2021-09-01 15:00
663,0,1,3,6,5,2,0,2021-09-01 16:00
664,0,1,3,4,5,2,0,2021-09-01 17:00
665,0,1,4,5,5,0,0,2021-09-01 18:00
666,0,2,3,4,5,0,0,2021-09-01 19:00
667,1,2,3,4,5,0,0,2021-09-01 20:00
668,1,1,3,4,9,0,0,2021-09-01 21:00
669,1,1,7,5,21,3,0,2021-09-01 22:00
670,1,4,13,12,30,6,0,2021-09-01 23:00
671,4,2,13,6,27,4,0,2021-09-02 0:00
672,1,2,19,9,30,7,0,2021-09-02 1:00
673,0,3,15,6,27,5,0,2021-09-02 2:00
674,2,5,18,7,33,6,0,2021-09-02 3:00
675,1,5,20,5,31,8,0,2021-09-02 4:00
676,1,4,21,5,31,4,0,2021-09-02 5:00
677,1,5,18,5,22,4,0,2021-09-02 6:00
678,2,5,27,8,31,7,0,2021-09-02 7:00
679,0,5,21,7,41,3,0,2021-09-02 8:00
680,1,3,19,6,35,9,0,2021-09-02 9:00
681,1,1,19,8,30,6,0,2021-09-02 10:00
682,0,2,8,5,22,6,0,2021-09-02 11:00
683,0,1,6,4,13,5,0,2021-09-02 12:00
684,1,1,9,4,14,1,0,2021-09-02 13:00
685,1,1,5,6,11,2,0,2021-09-02 14:00
686,1,1,6,4,8,1,0,2021-09-02 15:00
687,0,1,4,6,7,1,0,2021-09-02 16:00
688,0,1,4,6,5,1,0,2021-09-02 17:00
689,0,1,3,5,4,1,0,2021-09-02 18:00
690,0,2,2,6,4,1,0,2021-09-02 19:00
691,1,2,4,6,6,1,0,2021-09-02 20:00
692,1,1,8,5,8,3,0,2021-09-02 21:00
693,2,1,5,6,25,4,0,2021-09-02 22:00
694,1,3,14,8,39,5,0,2021-09-02 23:00
695,2,2,17,4,27,2,0,2021-09-03 0:00
696,0,3,18,6,30,7,0,2021-09-03 1:00
697,0,1,8,5,21,6,0,2021-09-03 2:00
698,1,3,14,8,21,3,0,2021-09-03 3:00
699,1,5,16,7,23,5,0,2021-09-03 4:00
700,0,5,22,6,23,6,0,2021-09-03 5:00
701,0,3,20,9,24,6,0,2021-09-03 6:00
702,1,3,22,6,29,2,0,2021-09-03 7:00
703,2,2,24,4,27,9,0,2021-09-03 8:00
704,1,4,23,7,22,14,0,2021-09-03 9:00
705,1,5,17,10,30,6,0,2021-09-03 10:00
706,0,3,14,6,23,7,0,2021-09-03 11:00
707,0,2,8,4,17,4,0,2021-09-03 12:00
708,1,2,8,5,14,3,0,2021-09-03 13:00
709,1,2,8,4,9,1,0,2021-09-03 14:00
710,0,2,6,6,7,1,0,2021-09-03 15:00
711,0,1,3,5,6,2,0,2021-09-03 16:00
712,0,1,3,5,7,1,0,2021-09-03 17:00
713,0,2,3,4,9,1,0,2021-09-03 18:00
714,0,2,2,4,5,1,0,2021-09-03 19:00
715,0,2,2,4,5,1,0,2021-09-03 20:00
716,1,2,3,4,9,2,0,2021-09-03 21:00
717,1,1,4,4,17,2,0,2021-09-03 22:00
718,2,2,16,7,31,4,0,2021-09-03 23:00
719,2,2,12,6,28,5,0,2021-09-04 0:00
720,1,3,18,5,31,3,0,2021-09-04 1:00
721,1,3,22,6,34,8,0,2021-09-04 2:00
722,2,7,13,5,26,5,0,2021-09-04 3:00
723,0,4,17,5,27,2,0,2021-09-04 4:00
724,1,3,14,6,27,4,0,2021-09-04 5:00
725,1,3,12,8,23,3,0,2021-09-04 6:00
726,1,7,16,4,26,3,0,2021-09-04 7:00
727,4,6,13,5,26,3,0,2021-09-04 8:00
728,3,4,21,6,42,4,0,2021-09-04 9:00
729,0,3,16,4,19,5,0,2021-09-04 10:00
730,0,1,9,4,29,4,0,2021-09-04 11:00
731,1,3,7,4,16,3,0,2021-09-04 12:00
732,1,1,5,4,12,2,0,2021-09-04 13:00
733,1,2,5,6,8,2,0,2021-09-04 14:00
734,1,1,3,5,9,1,0,2021-09-04 15:00
735,1,1,2,5,7,1,0,2021-09-04 16:00
736,0,1,2,5,8,1,0,2021-09-04 17:00
737,0,1,2,5,5,1,0,2021-09-04 18:00
738,0,1,3,5,5,1,0,2021-09-04 19:00
739,0,1,3,4,6,1,0,2021-09-04 20:00
740,0,2,4,4,10,1,0,2021-09-04 21:00
741,0,3,4,5,19,3,0,2021-09-04 22:00
742,2,3,18,5,25,10,0,2021-09-04 23:00
743,2,1,7,7,26,3,0,2021-09-05 0:00
744,1,2,14,6,26,8,0,2021-09-05 1:00
745,1,4,13,4,23,5,0,2021-09-05 2:00
746,0,4,18,4,26,7,0,2021-09-05 3:00
747,1,7,20,6,31,4,0,2021-09-05 4:00
748,0,4,15,4,24,5,0,2021-09-05 5:00
749,1,3,9,4,14,1,0,2021-09-05 6:00
750,0,5,12,4,29,1,0,2021-09-05 7:00
751,1,3,16,4,25,5,0,2021-09-05 8:00
752,0,5,11,4,35,3,0,2021-09-05 9:00
753,1,3,8,6,34,2,0,2021-09-05 10:00
754,0,2,9,4,16,0,0,2021-09-05 11:00
755,1,1,8,4,12,2,0,2021-09-05 12:00
756,1,2,6,4,9,0,0,2021-09-05 13:00
757,1,1,8,6,9,1,0,2021-09-05 14:00
758,0,1,5,5,4,1,0,2021-09-05 15:00
759,0,1,3,4,5,1,0,2021-09-05 16:00
760,0,1,3,5,4,1,0,2021-09-05 17:00
761,0,1,4,5,6,1,0,2021-09-05 18:00
762,0,1,4,5,5,1,0,2021-09-05 19:00
763,0,1,6,6,7,1,0,2021-09-05 20:00
764,0,3,7,5,9,1,0,2021-09-05 21:00
765,1,2,9,5,20,4,0,2021-09-05 22:00
766,0,5,16,7,36,7,0,2021-09-05 23:00
767,0,2,15,5,27,3,0,2021-09-06 0:00
768,0,4,18,6,29,4,0,2021-09-06 1:00
769,1,7,21,7,33,4,0,2021-09-06 2:00
770,1,3,23,8,25,6,0,2021-09-06 3:00
771,2,4,17,6,30,9,0,2021-09-06 4:00
772,1,8,16,6,26,3,0,2021-09-06 5:00
773,1,4,16,6,25,4,0,2021-09-06 6:00
774,3,4,18,6,21,5,0,2021-09-06 7:00
775,4,5,13,5,27,3,0,2021-09-06 8:00
776,3,7,18,3,23,6,0,2021-09-06 9:00
777,1,3,16,4,27,3,0,2021-09-06 10:00
778,0,2,13,3,22,4,0,2021-09-06 11:00
779,0,2,10,4,19,2,0,2021-09-06 12:00
780,1,2,8,4,6,3,0,2021-09-06 13:00
781,1,2,6,3,8,1,0,2021-09-06 14:00
782,0,1,5,4,4,2,0,2021-09-06 15:00
783,0,1,4,3,5,3,0,2021-09-06 16:00
784,0,1,3,2,5,1,0,2021-09-06 17:00
785,0,1,3,5,5,2,0,2021-09-06 18:00
786,0,2,5,4,6,2,0,2021-09-06 19:00
787,1,2,3,4,5,1,0,2021-09-06 20:00
788,1,1,5,5,8,1,0,2021-09-06 21:00
789,1,1,13,7,26,6,0,2021-09-06 22:00
790,2,4,16,10,37,5,0,2021-09-06 23:00
791,1,2,13,9,27,10,0,2021-09-07 0:00
792,1,2,20,5,30,10,0,2021-09-07 1:00
793,0,4,17,4,30,7,0,2021-09-07 2:00
794,1,3,16,4,25,10,0,2021-09-07 3:00
795,0,2,23,5,25,11,0,2021-09-07 4:00
796,1,8,23,4,30,12,0,2021-09-07 5:00
797,0,7,18,5,32,5,0,2021-09-07 6:00
798,0,4,20,5,25,4,0,2021-09-07 7:00
799,0,4,18,5,30,5,0,2021-09-07 8:00
800,0,1,23,4,30,14,0,2021-09-07 9:00
801,1,2,16,7,27,16,0,2021-09-07 10:00
802,0,1,11,5,22,10,0,2021-09-07 11:00
803,0,1,9,5,14,2,0,2021-09-07 12:00
804,0,1,8,4,16,3,0,2021-09-07 13:00
805,0,2,9,4,5,4,0,2021-09-07 14:00
806,0,1,9,4,5,3,0,2021-09-07 15:00
807,0,1,6,3,5,1,0,2021-09-07 16:00
808,0,1,3,3,5,1,0,2021-09-07 17:00
809,0,1,4,4,5,1,0,2021-09-07 18:00
810,0,1,3,4,5,1,0,2021-09-07 19:00
811,0,1,3,5,5,0,0,2021-09-07 20:00
812,0,3,3,6,10,2,0,2021-09-07 21:00
813,0,2,6,6,23,4,0,2021-09-07 22:00
814,1,3,10,13,34,7,0,2021-09-07 23:00
815,2,4,14,6,24,6,0,2021-09-08 0:00
816,0,3,18,8,25,4,0,2021-09-08 1:00
817,0,2,13,5,23,8,0,2021-09-08 2:00
818,0,6,18,4,19,5,0,2021-09-08 3:00
819,2,4,19,4,30,8,0,2021-09-08 4:00
820,0,5,22,4,29,9,0,2021-09-08 5:00
821,1,1,19,6,24,3,0,2021-09-08 6:00
822,1,4,16,8,30,8,0,2021-09-08 7:00
823,1,3,20,4,38,6,0,2021-09-08 8:00
824,1,4,21,6,27,5,0,2021-09-08 9:00
825,0,4,18,9,23,9,0,2021-09-08 10:00
826,0,2,10,7,20,6,0,2021-09-08 11:00
827,1,1,10,8,14,2,0,2021-09-08 12:00
828,1,1,4,6,14,6,0,2021-09-08 13:00
829,0,1,6,5,8,2,0,2021-09-08 14:00
830,0,1,3,5,9,4,0,2021-09-08 15:00
831,0,1,3,4,8,3,0,2021-09-08 16:00
832,0,1,4,4,6,1,0,2021-09-08 17:00
833,0,1,2,5,4,1,0,2021-09-08 18:00
834,0,2,3,6,4,1,0,2021-09-08 19:00
835,0,3,3,6,6,1,0,2021-09-08 20:00
836,1,1,7,4,12,3,0,2021-09-08 21:00
837,1,3,3,5,25,6,0,2021-09-08 22:00
838,1,4,17,12,29,8,0,2021-09-08 23:00
839,1,3,9,4,35,5,0,2021-09-09 0:00
840,0,3,12,7,23,3,0,2021-09-09 1:00
841,0,1,14,5,26,6,0,2021-09-09 2:00
842,1,1,17,7,18,7,0,2021-09-09 3:00
843,2,5,13,4,29,2,0,2021-09-09 4:00
844,1,5,10,7,33,3,0,2021-09-09 5:00
845,2,4,17,7,16,2,0,2021-09-09 6:00
846,2,2,20,7,31,7,0,2021-09-09 7:00
847,0,4,19,5,35,8,0,2021-09-09 8:00
848,1,3,24,7,41,9,0,2021-09-09 9:00
849,2,2,17,7,30,7,0,2021-09-09 10:00
850,0,1,13,5,22,6,0,2021-09-09 11:00
851,1,2,8,5,18,4,0,2021-09-09 12:00
852,1,1,6,5,12,3,0,2021-09-09 13:00
853,1,2,5,5,5,1,0,2021-09-09 14:00
854,1,1,4,5,5,1,0,2021-09-09 15:00
855,0,1,3,4,5,1,0,2021-09-09 16:00
856,0,1,2,4,5,1,0,2021-09-09 17:00
857,0,1,4,4,5,1,0,2021-09-09 18:00
858,0,2,3,4,5,1,0,2021-09-09 19:00
859,1,2,4,4,6,1,0,2021-09-09 20:00
860,1,2,8,6,10,2,0,2021-09-09 21:00
861,2,1,12,5,23,6,0,2021-09-09 22:00
862,3,2,12,8,32,6,0,2021-09-09 23:00
863,1,3,16,6,34,8,0,2021-09-10 0:00
864,1,6,16,6,33,6,0,2021-09-10 1:00
865,0,6,21,8,28,9,0,2021-09-10 2:00
866,2,2,13,5,33,8,0,2021-09-10 3:00
867,2,6,18,6,27,5,0,2021-09-10 4:00
868,1,5,17,5,27,2,0,2021-09-10 5:00
869,0,6,16,8,27,4,0,2021-09-10 6:00
870,0,4,14,8,27,4,0,2021-09-10 7:00
871,0,5,15,3,27,4,0,2021-09-10 8:00
872,1,1,23,6,32,11,0,2021-09-10 9:00
873,3,2,12,5,28,6,0,2021-09-10 10:00
874,2,1,12,4,22,6,0,2021-09-10 11:00
875,0,1,8,4,21,3,0,2021-09-10 12:00
876,1,1,9,5,11,4,0,2021-09-10 13:00
877,1,1,8,7,10,3,0,2021-09-10 14:00
878,0,1,8,4,5,1,0,2021-09-10 15:00
879,0,1,5,6,8,2,0,2021-09-10 16:00
880,0,1,4,5,6,1,0,2021-09-10 17:00
881,0,1,4,6,5,2,0,2021-09-10 18:00
882,0,2,5,5,7,3,0,2021-09-10 19:00
883,0,1,3,4,6,1,0,2021-09-10 20:00
884,0,3,5,5,16,5,0,2021-09-10 21:00
885,0,2,12,6,23,2,0,2021-09-10 22:00
886,0,3,14,3,35,6,0,2021-09-10 23:00
887,2,7,13,2,22,5,0,2021-09-11 0:00
888,1,6,13,2,32,3,0,2021-09-11 1:00
889,1,6,17,2,30,11,0,2021-09-11 2:00
890,2,4,15,3,23,4,0,2021-09-11 3:00
891,0,5,21,5,16,5,0,2021-09-11 4:00
892,1,5,15,5,21,2,0,2021-09-11 5:00
893,4,3,19,6,23,3,0,2021-09-11 6:00
894,4,4,15,4,21,5,0,2021-09-11 7:00
895,0,4,19,3,29,4,0,2021-09-11 8:00
896,2,6,18,3,28,8,0,2021-09-11 9:00
897,2,5,19,4,32,9,0,2021-09-11 10:00
898,0,1,16,4,26,5,0,2021-09-11 11:00
899,1,2,6,6,15,7,0,2021-09-11 12:00
900,1,2,8,5,9,2,0,2021-09-11 13:00
901,1,2,5,5,9,2,0,2021-09-11 14:00
902,1,2,5,4,7,2,0,2021-09-11 15:00
903,0,1,5,5,5,2,0,2021-09-11 16:00
904,0,1,4,5,8,2,0,2021-09-11 17:00
905,0,1,5,5,5,2,0,2021-09-11 18:00
906,0,1,4,6,6,2,0,2021-09-11 19:00
907,0,1,3,5,7,2,0,2021-09-11 20:00
908,1,3,4,5,10,2,0,2021-09-11 21:00
909,2,2,9,4,26,3,0,2021-09-11 22:00
910,2,1,12,4,20,4,0,2021-09-11 23:00
911,2,2,11,3,26,5,0,2021-09-12 0:00
912,1,2,20,2,24,7,0,2021-09-12 1:00
913,1,2,14,2,26,2,0,2021-09-12 2:00
914,0,1,22,2,23,5,0,2021-09-12 3:00
915,0,4,16,5,25,7,0,2021-09-12 4:00
916,1,8,12,3,19,6,0,2021-09-12 5:00
917,1,3,16,3,12,3,0,2021-09-12 6:00
918,0,3,14,4,16,5,0,2021-09-12 7:00
919,1,2,8,4,20,2,0,2021-09-12 8:00
920,0,3,12,4,27,6,0,2021-09-12 9:00
921,0,1,8,5,25,7,0,2021-09-12 10:00
922,2,1,6,3,18,7,0,2021-09-12 11:00
923,0,2,6,3,15,3,0,2021-09-12 12:00
924,0,2,4,5,12,4,0,2021-09-12 13:00
925,0,2,5,3,7,2,0,2021-09-12 14:00
926,0,3,2,3,9,2,0,2021-09-12 15:00
927,0,2,3,2,8,2,0,2021-09-12 16:00
928,0,2,3,3,6,2,0,2021-09-12 17:00
929,0,2,3,3,6,2,0,2021-09-12 18:00
930,0,1,2,4,4,2,0,2021-09-12 19:00
931,0,3,4,4,5,2,0,2021-09-12 20:00
932,0,3,5,5,7,2,0,2021-09-12 21:00
933,1,2,9,5,21,6,0,2021-09-12 22:00
934,2,3,17,7,21,9,0,2021-09-12 23:00
935,2,4,12,7,20,4,0,2021-09-13 0:00
936,2,3,22,5,26,6,0,2021-09-13 1:00
937,1,2,26,3,40,5,0,2021-09-13 2:00
938,0,2,18,5,27,7,0,2021-09-13 3:00
939,3,3,23,7,26,6,0,2021-09-13 4:00
940,2,5,14,3,25,7,0,2021-09-13 5:00
941,2,4,13,10,25,4,0,2021-09-13 6:00
942,2,3,16,8,21,8,0,2021-09-13 7:00
943,2,5,16,3,29,7,0,2021-09-13 8:00
944,2,5,17,4,35,11,0,2021-09-13 9:00
945,1,3,11,6,34,7,0,2021-09-13 10:00
946,1,4,11,4,23,8,0,2021-09-13 11:00
947,0,1,6,8,11,4,0,2021-09-13 12:00
948,0,1,5,7,13,6,0,2021-09-13 13:00
949,1,1,6,6,11,1,0,2021-09-13 14:00
950,1,1,4,6,7,4,0,2021-09-13 15:00
951,1,1,3,7,9,1,0,2021-09-13 16:00
952,1,1,3,7,3,2,0,2021-09-13 17:00
953,1,1,3,7,3,1,0,2021-09-13 18:00
954,1,2,2,6,5,1,0,2021-09-13 19:00
955,2,1,5,7,4,1,0,2021-09-13 20:00
956,2,1,4,5,6,3,0,2021-09-13 21:00
957,2,1,8,6,15,4,0,2021-09-13 22:00
958,6,3,13,8,28,5,0,2021-09-13 23:00
959,2,2,13,4,21,5,0,2021-09-14 0:00
960,1,4,20,10,44,9,0,2021-09-14 1:00
961,1,7,18,6,31,8,0,2021-09-14 2:00
962,1,4,22,7,34,4,0,2021-09-14 3:00
963,2,4,15,10,31,7,0,2021-09-14 4:00
964,3,5,18,9,24,7,0,2021-09-14 5:00
965,4,4,15,7,24,4,0,2021-09-14 6:00
966,1,6,17,7,30,4,0,2021-09-14 7:00
967,1,1,13,8,23,9,0,2021-09-14 8:00
968,2,2,19,4,36,10,0,2021-09-14 9:00
969,1,2,19,7,39,2,0,2021-09-14 10:00
970,1,1,14,7,27,5,0,2021-09-14 11:00
971,1,1,10,7,24,4,0,2021-09-14 12:00
972,0,1,5,6,18,3,0,2021-09-14 13:00
973,1,1,5,6,13,1,0,2021-09-14 14:00
974,0,2,3,7,8,2,0,2021-09-14 15:00
975,0,1,4,5,9,1,0,2021-09-14 16:00
976,0,1,2,6,8,1,0,2021-09-14 17:00
977,0,1,2,5,7,1,0,2021-09-14 18:00
978,0,2,3,6,7,1,0,2021-09-14 19:00
979,0,1,3,7,5,1,0,2021-09-14 20:00
980,0,1,6,6,11,1,0,2021-09-14 21:00
981,3,2,9,5,24,2,0,2021-09-14 22:00
982,3,2,14,12,37,9,0,2021-09-14 23:00
983,1,3,21,7,30,5,0,2021-09-15 0:00
984,2,7,16,5,33,7,0,2021-09-15 1:00
985,1,5,11,5,26,3,0,2021-09-15 2:00
986,0,6,13,7,21,5,0,2021-09-15 3:00
987,0,4,20,5,26,7,0,2021-09-15 4:00
988,1,5,12,5,30,8,0,2021-09-15 5:00
989,1,6,15,10,25,0,0,2021-09-15 6:00
990,0,2,12,7,22,1,0,2021-09-15 7:00
991,1,2,13,6,22,3,0,2021-09-15 8:00
992,4,3,17,7,23,6,0,2021-09-15 9:00
993,1,1,13,8,20,5,0,2021-09-15 10:00
994,0,4,10,6,15,5,0,2021-09-15 11:00
995,0,3,8,6,15,3,0,2021-09-15 12:00
996,0,2,8,7,12,3,0,2021-09-15 13:00
997,0,1,6,5,12,2,0,2021-09-15 14:00
998,0,1,6,6,9,1,0,2021-09-15 15:00
999,0,1,4,8,6,3,0,2021-09-15 16:00
1000,0,1,3,7,6,2,0,2021-09-15 17:00
1001,0,1,2,5,6,2,0,2021-09-15 18:00
1002,0,2,2,7,4,2,0,2021-09-15 19:00
1003,0,2,4,6,5,1,0,2021-09-15 20:00
1004,0,2,4,6,11,1,0,2021-09-15 21:00
1005,2,2,6,7,26,4,0,2021-09-15 22:00
1006,2,3,16,8,31,9,0,2021-09-15 23:00
1007,3,3,19,7,43,6,0,2021-09-16 0:00
1008,1,5,18,5,40,9,0,2021-09-16 1:00
1009,1,4,12,5,33,12,0,2021-09-16 2:00
1010,1,6,18,4,37,4,0,2021-09-16 3:00
1011,0,4,17,8,33,7,0,2021-09-16 4:00
1012,1,5,21,17,30,7,0,2021-09-16 5:00
1013,0,1,14,8,29,3,0,2021-09-16 6:00
1014,2,1,14,6,32,3,0,2021-09-16 7:00
1015,0,3,19,5,35,6,0,2021-09-16 8:00
1016,0,2,21,4,28,7,0,2021-09-16 9:00
1017,0,1,15,6,29,11,0,2021-09-16 10:00
1018,0,2,11,5,19,6,0,2021-09-16 11:00
1019,0,1,7,5,16,5,0,2021-09-16 12:00
1020,0,2,6,6,11,3,0,2021-09-16 13:00
1021,0,1,6,4,9,3,0,2021-09-16 14:00
1022,0,1,4,4,7,2,0,2021-09-16 15:00
1023,0,1,3,4,8,1,0,2021-09-16 16:00
1024,0,1,3,5,6,1,0,2021-09-16 17:00
1025,0,1,4,5,5,2,0,2021-09-16 18:00
1026,0,2,3,6,6,1,0,2021-09-16 19:00
1027,0,2,3,5,7,2,0,2021-09-16 20:00
1028,0,1,4,7,11,2,0,2021-09-16 21:00
1029,0,1,7,7,19,3,0,2021-09-16 22:00
1030,2,3,15,7,29,2,0,2021-09-16 23:00
1031,0,2,15,6,27,3,0,2021-09-17 0:00
1032,1,3,22,10,47,4,0,2021-09-17 1:00
1033,0,4,16,10,19,1,0,2021-09-17 2:00
1034,0,7,18,5,35,8,0,2021-09-17 3:00
1035,2,5,24,6,46,7,0,2021-09-17 4:00
1036,0,4,15,11,38,2,0,2021-09-17 5:00
1037,0,4,21,9,27,5,0,2021-09-17 6:00
1038,1,3,14,6,39,5,0,2021-09-17 7:00
1039,1,5,22,6,43,6,0,2021-09-17 8:00
1040,1,7,24,9,30,9,0,2021-09-17 9:00
1041,1,4,15,5,31,7,0,2021-09-17 10:00
1042,0,3,12,9,25,6,0,2021-09-17 11:00
1043,1,4,11,7,21,5,0,2021-09-17 12:00
1044,1,2,7,7,15,6,0,2021-09-17 13:00
1045,0,4,5,5,9,4,0,2021-09-17 14:00
1046,0,3,8,5,11,2,0,2021-09-17 15:00
1047,0,1,6,6,8,2,0,2021-09-17 16:00
1048,0,1,3,5,7,2,0,2021-09-17 17:00
1049,0,1,4,4,6,2,0,2021-09-17 18:00
1050,0,2,4,5,6,1,0,2021-09-17 19:00
1051,0,3,4,5,5,1,0,2021-09-17 20:00
1052,0,3,6,4,12,2,0,2021-09-17 21:00
1053,2,2,8,4,17,3,0,2021-09-17 22:00
1054,2,5,15,8,35,4,0,2021-09-17 23:00
1055,1,6,17,6,38,9,0,2021-09-18 0:00
1056,1,5,23,6,42,10,0,2021-09-18 1:00
1057,0,6,15,5,33,3,0,2021-09-18 2:00
1058,0,5,18,8,25,12,0,2021-09-18 3:00
1059,0,2,17,4,31,7,0,2021-09-18 4:00
1060,1,4,25,4,27,3,0,2021-09-18 5:00
1061,0,8,19,9,25,5,0,2021-09-18 6:00
1062,0,7,17,4,27,4,0,2021-09-18 7:00
1063,0,10,19,6,24,2,0,2021-09-18 8:00
1064,2,7,24,7,28,6,0,2021-09-18 9:00
1065,1,6,16,4,30,7,0,2021-09-18 10:00
1066,1,3,15,8,23,4,0,2021-09-18 11:00
1067,1,1,13,5,15,7,0,2021-09-18 12:00
1068,0,1,6,5,15,2,0,2021-09-18 13:00
1069,0,1,7,6,12,3,0,2021-09-18 14:00
1070,0,1,5,5,9,3,0,2021-09-18 15:00
1071,0,2,6,5,8,2,0,2021-09-18 16:00
1072,0,1,3,6,4,1,0,2021-09-18 17:00
1073,0,1,5,5,3,1,0,2021-09-18 18:00
1074,0,1,3,6,5,5,0,2021-09-18 19:00
1075,0,1,6,6,7,0,0,2021-09-18 20:00
1076,0,1,5,3,9,1,0,2021-09-18 21:00
1077,1,2,7,4,14,2,0,2021-09-18 22:00
1078,0,3,16,4,31,6,0,2021-09-18 23:00
1079,0,5,15,4,26,2,0,2021-09-19 0:00
1080,2,10,11,3,26,4,0,2021-09-19 1:00
1081,1,8,12,4,28,5,0,2021-09-19 2:00
1082,1,8,19,4,27,5,0,2021-09-19 3:00
1083,0,7,14,3,28,3,0,2021-09-19 4:00
1084,0,7,18,2,20,6,0,2021-09-19 5:00
1085,1,9,17,2,30,4,0,2021-09-19 6:00
1086,1,5,17,3,30,8,0,2021-09-19 7:00
1087,1,8,17,4,32,10,0,2021-09-19 8:00
1088,1,3,17,6,39,11,0,2021-09-19 9:00
1089,2,2,14,6,42,3,0,2021-09-19 10:00
1090,3,2,15,6,32,6,0,2021-09-19 11:00
1091,1,1,9,5,15,7,0,2021-09-19 12:00
1092,1,1,5,4,16,3,0,2021-09-19 13:00
1093,1,1,5,5,6,3,0,2021-09-19 14:00
1094,0,1,5,4,12,2,0,2021-09-19 15:00
1095,0,1,3,6,10,1,0,2021-09-19 16:00
1096,0,1,4,4,7,2,0,2021-09-19 17:00
1097,0,1,4,5,6,2,0,2021-09-19 18:00
1098,0,1,3,5,5,1,0,2021-09-19 19:00
1099,0,1,4,5,5,1,0,2021-09-19 20:00
1100,0,1,4,4,9,1,0,2021-09-19 21:00
1101,1,2,9,4,23,1,0,2021-09-19 22:00
1102,1,6,13,3,32,2,0,2021-09-19 23:00
1103,1,7,14,5,24,4,0,2021-09-20 0:00
1104,1,7,17,6,31,7,0,2021-09-20 1:00
1105,1,4,22,4,26,3,0,2021-09-20 2:00
1106,4,11,23,3,29,4,0,2021-09-20 3:00
1107,2,12,20,6,30,5,0,2021-09-20 4:00
1108,1,14,25,7,24,4,0,2021-09-20 5:00
1109,2,5,21,4,26,4,0,2021-09-20 6:00
1110,3,4,19,5,32,4,0,2021-09-20 7:00
1111,2,7,27,4,30,13,0,2021-09-20 8:00
1112,2,2,18,4,35,4,0,2021-09-20 9:00
1113,5,4,15,8,27,9,0,2021-09-20 10:00
1114,4,3,13,7,25,10,0,2021-09-20 11:00
1115,1,1,9,5,21,4,0,2021-09-20 12:00
1116,2,2,5,6,15,6,0,2021-09-20 13:00
1117,1,1,6,5,12,3,0,2021-09-20 14:00
1118,1,1,9,7,11,1,0,2021-09-20 15:00
1119,0,1,4,6,10,3,0,2021-09-20 16:00
1120,0,2,6,4,5,3,0,2021-09-20 17:00
1121,0,1,3,7,7,3,0,2021-09-20 18:00
1122,0,3,4,4,4,2,0,2021-09-20 19:00
1123,0,2,5,4,3,2,0,2021-09-20 20:00
1124,0,2,4,4,10,1,0,2021-09-20 21:00
1125,0,3,5,5,11,2,0,2021-09-20 22:00
1126,0,2,8,4,14,4,0,2021-09-20 23:00
1127,1,4,12,4,13,3,0,2021-09-21 0:00
1128,1,2,13,5,27,3,0,2021-09-21 1:00
1129,0,3,13,3,26,2,0,2021-09-21 2:00
1130,0,3,15,4,29,3,0,2021-09-21 3:00
1131,0,5,16,4,37,4,0,2021-09-21 4:00
1132,1,6,13,3,24,3,0,2021-09-21 5:00
1133,0,3,14,5,23,2,0,2021-09-21 6:00
1134,0,5,16,3,31,5,0,2021-09-21 7:00
1135,0,6,10,5,26,3,0,2021-09-21 8:00
1136,1,4,12,7,37,4,0,2021-09-21 9:00
1137,0,1,13,6,34,5,0,2021-09-21 10:00
1138,0,2,12,6,27,3,0,2021-09-21 11:00
1139,2,1,10,5,20,0,0,2021-09-21 12:00
1140,4,2,8,5,11,5,0,2021-09-21 13:00
1141,1,1,6,6,11,2,0,2021-09-21 14:00
1142,1,1,4,6,11,4,0,2021-09-21 15:00
1143,0,1,4,5,8,1,0,2021-09-21 16:00
1144,0,1,4,4,8,1,0,2021-09-21 17:00
1145,0,1,4,4,7,2,0,2021-09-21 18:00
1146,0,2,3,4,6,2,0,2021-09-21 19:00
1147,0,1,3,4,7,1,0,2021-09-21 20:00
1148,1,1,4,3,10,1,0,2021-09-21 21:00
1149,1,3,5,2,18,2,0,2021-09-21 22:00
1150,1,2,10,3,22,3,0,2021-09-21 23:00
1151,2,3,11,3,16,3,0,2021-09-22 0:00
1152,1,1,9,4,28,5,0,2021-09-22 1:00
1153,0,1,10,4,36,4,0,2021-09-22 2:00
1154,0,9,11,5,28,0,0,2021-09-22 3:00
1155,1,3,15,3,31,1,0,2021-09-22 4:00
1156,0,5,14,3,18,4,0,2021-09-22 5:00
1157,1,3,6,4,21,4,0,2021-09-22 6:00
1158,1,5,10,3,25,3,0,2021-09-22 7:00
1159,1,4,8,7,27,2,0,2021-09-22 8:00
1160,2,5,10,7,27,11,0,2021-09-22 9:00
1161,1,6,14,6,28,2,0,2021-09-22 10:00
1162,1,2,10,5,26,2,0,2021-09-22 11:00
1163,1,2,5,5,22,3,0,2021-09-22 12:00
1164,1,1,7,6,13,2,0,2021-09-22 13:00
1165,0,2,3,6,13,2,0,2021-09-22 14:00
1166,0,1,2,5,10,0,0,2021-09-22 15:00
1167,0,1,2,5,9,1,0,2021-09-22 16:00
1168,0,1,2,6,7,0,0,2021-09-22 17:00
1169,0,1,1,5,9,1,0,2021-09-22 18:00
1170,0,1,2,5,8,1,0,2021-09-22 19:00
1171,0,2,2,5,7,1,0,2021-09-22 20:00
1172,0,1,2,3,17,1,0,2021-09-22 21:00
1173,2,1,4,6,20,4,0,2021-09-22 22:00
1174,1,2,13,9,32,9,0,2021-09-22 23:00
1175,0,4,11,6,34,7,0,2021-09-23 0:00
1176,0,3,12,8,34,4,0,2021-09-23 1:00
1177,0,3,13,8,31,6,0,2021-09-23 2:00
1178,1,3,16,7,36,14,0,2021-09-23 3:00
1179,3,6,20,6,41,9,0,2021-09-23 4:00
1180,0,4,20,10,33,12,0,2021-09-23 5:00
1181,0,6,16,9,37,6,0,2021-09-23 6:00
1182,1,3,13,9,30,11,0,2021-09-23 7:00
1183,2,1,19,8,39,11,0,2021-09-23 8:00
1184,0,2,11,7,34,13,0,2021-09-23 9:00
1185,0,2,15,7,31,6,0,2021-09-23 10:00
1186,0,1,10,8,23,3,0,2021-09-23 11:00
1187,0,1,8,6,15,6,0,2021-09-23 12:00
1188,0,2,9,6,11,4,0,2021-09-23 13:00
1189,0,1,6,5,11,4,0,2021-09-23 14:00
1190,0,1,3,6,7,2,0,2021-09-23 15:00
1191,0,1,2,6,9,2,0,2021-09-23 16:00
1192,1,1,2,5,8,1,0,2021-09-23 17:00
1193,1,1,2,5,8,1,0,2021-09-23 18:00
1194,0,2,1,5,8,2,0,2021-09-23 19:00
1195,0,2,3,5,8,2,0,2021-09-23 20:00
1196,0,1,2,7,13,2,0,2021-09-23 21:00
1197,1,1,7,6,25,5,0,2021-09-23 22:00
1198,1,2,12,9,44,8,0,2021-09-23 23:00
1199,2,2,14,8,41,7,0,2021-09-24 0:00
1200,0,3,22,6,41,5,0,2021-09-24 1:00
1201,0,3,13,5,34,5,0,2021-09-24 2:00
1202,1,2,13,6,32,5,0,2021-09-24 3:00
1203,3,4,18,9,39,4,0,2021-09-24 4:00
1204,0,2,20,10,37,7,0,2021-09-24 5:00
1205,0,7,19,8,32,5,0,2021-09-24 6:00
1206,0,3,16,8,30,9,0,2021-09-24 7:00
1207,0,3,17,8,23,7,0,2021-09-24 8:00
1208,1,2,18,5,37,9,0,2021-09-24 9:00
1209,0,1,14,8,35,12,0,2021-09-24 10:00
1210,0,1,14,8,31,4,0,2021-09-24 11:00
1211,0,1,10,7,17,6,0,2021-09-24 12:00
1212,0,1,7,5,13,3,0,2021-09-24 13:00
1213,0,1,5,6,12,3,0,2021-09-24 14:00
1214,0,2,7,6,13,2,0,2021-09-24 15:00
1215,0,1,7,6,10,1,0,2021-09-24 16:00
1216,0,1,3,5,9,2,0,2021-09-24 17:00
1217,0,1,3,5,7,2,0,2021-09-24 18:00
1218,0,1,4,5,9,2,0,2021-09-24 19:00
1219,0,2,3,6,7,1,0,2021-09-24 20:00
1220,0,3,3,5,13,3,0,2021-09-24 21:00
1221,2,2,6,5,28,2,0,2021-09-24 22:00
1222,0,5,18,7,35,5,0,2021-09-24 23:00
1223,1,5,15,6,38,9,0,2021-09-25 0:00
1224,0,3,18,5,39,3,0,2021-09-25 1:00
1225,0,7,20,7,29,7,0,2021-09-25 2:00
1226,1,4,19,10,23,7,0,2021-09-25 3:00
1227,1,10,28,7,36,3,0,2021-09-25 4:00
1228,1,10,21,6,28,6,0,2021-09-25 5:00
1229,2,5,18,5,28,6,0,2021-09-25 6:00
1230,0,6,14,5,21,5,0,2021-09-25 7:00
1231,2,4,18,6,29,3,0,2021-09-25 8:00
1232,0,4,20,7,39,6,0,2021-09-25 9:00
1233,0,3,23,10,28,6,0,2021-09-25 10:00
1234,0,4,10,8,26,5,0,2021-09-25 11:00
1235,0,2,7,5,15,6,0,2021-09-25 12:00
1236,0,2,5,6,12,4,0,2021-09-25 13:00
1237,0,2,6,8,15,4,0,2021-09-25 14:00
1238,0,1,2,7,9,1,0,2021-09-25 15:00
1239,0,1,2,7,9,1,0,2021-09-25 16:00
1240,0,1,3,6,5,3,0,2021-09-25 17:00
1241,0,1,2,6,6,1,0,2021-09-25 18:00
1242,0,1,3,6,8,2,0,2021-09-25 19:00
1243,0,1,3,6,8,1,0,2021-09-25 20:00
1244,0,2,4,5,10,1,0,2021-09-25 21:00
1245,1,1,4,7,21,3,0,2021-09-25 22:00
1246,2,2,8,5,23,6,0,2021-09-25 23:00
1247,0,1,8,7,26,9,0,2021-09-26 0:00
1248,0,4,11,7,39,4,0,2021-09-26 1:00
1249,1,3,10,6,23,4,0,2021-09-26 2:00
1250,0,5,13,4,28,6,0,2021-09-26 3:00
1251,0,3,13,5,31,8,0,2021-09-26 4:00
1252,1,7,10,4,29,3,0,2021-09-26 5:00
1253,0,5,12,5,27,6,0,2021-09-26 6:00
1254,0,3,13,5,23,2,0,2021-09-26 7:00
1255,0,4,10,6,28,6,0,2021-09-26 8:00
1256,0,3,12,6,32,4,0,2021-09-26 9:00
1257,0,2,12,7,26,4,0,2021-09-26 10:00
1258,1,2,11,7,18,5,0,2021-09-26 11:00
1259,1,1,7,7,15,3,0,2021-09-26 12:00
1260,1,1,5,6,10,4,0,2021-09-26 13:00
1261,0,1,6,7,8,4,0,2021-09-26 14:00
1262,0,1,5,6,8,2,0,2021-09-26 15:00
1263,0,1,2,7,8,2,0,2021-09-26 16:00
1264,0,1,2,7,5,3,0,2021-09-26 17:00
1265,1,1,3,6,5,3,0,2021-09-26 18:00
1266,0,1,3,7,6,2,0,2021-09-26 19:00
1267,0,1,3,7,6,2,0,2021-09-26 20:00
1268,0,1,5,7,10,3,0,2021-09-26 21:00
1269,2,1,10,6,28,6,0,2021-09-26 22:00
1270,0,4,18,6,32,8,0,2021-09-26 23:00
1271,0,2,13,8,40,16,0,2021-09-27 0:00
1272,0,2,20,7,33,11,0,2021-09-27 1:00
1273,0,3,15,6,37,8,0,2021-09-27 2:00
1274,1,3,13,6,26,5,0,2021-09-27 3:00
1275,2,5,22,9,27,8,0,2021-09-27 4:00
1276,0,1,23,8,29,11,0,2021-09-27 5:00
1277,0,4,20,7,33,7,0,2021-09-27 6:00
1278,1,2,20,10,36,4,0,2021-09-27 7:00
1279,0,4,15,6,36,6,0,2021-09-27 8:00
1280,2,3,21,5,34,9,0,2021-09-27 9:00
1281,0,2,13,7,35,9,0,2021-09-27 10:00
1282,1,1,13,4,17,8,0,2021-09-27 11:00
1283,0,1,7,7,10,4,0,2021-09-27 12:00
1284,0,1,6,8,11,2,0,2021-09-27 13:00
1285,0,1,6,6,7,1,0,2021-09-27 14:00
1286,0,1,4,6,10,2,0,2021-09-27 15:00
1287,0,1,3,5,7,1,0,2021-09-27 16:00
1288,0,1,3,5,6,1,0,2021-09-27 17:00
1289,0,1,3,4,5,1,0,2021-09-27 18:00
1290,0,2,3,5,4,1,0,2021-09-27 19:00
1291,0,1,4,7,4,2,0,2021-09-27 20:00
1292,0,3,4,5,11,3,0,2021-09-27 21:00
1293,0,2,8,8,17,1,0,2021-09-27 22:00
1294,1,3,18,13,31,6,0,2021-09-27 23:00
1295,0,5,18,7,37,10,0,2021-09-28 0:00
1296,0,2,16,7,37,7,0,2021-09-28 1:00
1297,0,2,14,5,27,5,0,2021-09-28 2:00
1298,0,4,18,8,35,6,0,2021-09-28 3:00
1299,0,3,22,5,47,10,0,2021-09-28 4:00
1300,0,1,23,9,40,3,0,2021-09-28 5:00
1301,1,2,17,8,29,4,0,2021-09-28 6:00
1302,0,4,10,13,33,3,0,2021-09-28 7:00
1303,0,6,19,6,26,7,0,2021-09-28 8:00
1304,2,2,13,5,23,8,0,2021-09-28 9:00
1305,1,4,13,4,34,7,0,2021-09-28 10:00
1306,0,2,10,5,21,3,0,2021-09-28 11:00
1307,0,1,5,5,12,2,0,2021-09-28 12:00
1308,1,1,6,5,12,5,0,2021-09-28 13:00
1309,1,1,5,5,9,1,0,2021-09-28 14:00
1310,0,1,3,4,8,3,0,2021-09-28 15:00
1311,0,1,3,5,8,2,0,2021-09-28 16:00
1312,0,1,2,5,8,2,0,2021-09-28 17:00
1313,0,1,2,5,4,2,0,2021-09-28 18:00
1314,0,1,2,5,6,2,0,2021-09-28 19:00
1315,0,1,2,5,8,3,0,2021-09-28 20:00
1316,0,1,4,4,8,4,0,2021-09-28 21:00
1317,3,1,6,9,19,5,0,2021-09-28 22:00
1318,0,2,16,7,29,4,0,2021-09-28 23:00
1319,0,5,14,9,29,5,0,2021-09-29 0:00
1320,0,3,16,7,33,6,0,2021-09-29 1:00
1321,0,3,18,9,22,4,0,2021-09-29 2:00
1322,0,3,18,8,29,7,0,2021-09-29 3:00
1323,0,3,24,10,38,9,0,2021-09-29 4:00
1324,1,3,18,10,33,7,0,2021-09-29 5:00
1325,2,2,19,7,33,5,0,2021-09-29 6:00
1326,0,5,15,11,19,8,0,2021-09-29 7:00
1327,0,2,16,8,33,4,0,2021-09-29 8:00
1328,0,1,18,8,26,5,0,2021-09-29 9:00
1329,0,1,17,6,25,2,0,2021-09-29 10:00
1330,0,1,10,5,19,2,0,2021-09-29 11:00
1331,0,2,7,7,9,3,0,2021-09-29 12:00
1332,0,1,7,5,9,2,0,2021-09-29 13:00
1333,0,1,7,5,6,3,0,2021-09-29 14:00
1334,0,1,4,5,6,2,0,2021-09-29 15:00
1335,0,1,4,4,7,2,0,2021-09-29 16:00
1336,0,1,4,3,4,2,0,2021-09-29 17:00
1337,0,1,3,5,4,1,0,2021-09-29 18:00
1338,0,2,3,5,5,1,0,2021-09-29 19:00
1339,1,1,3,4,7,2,0,2021-09-29 20:00
1340,0,3,5,6,10,3,0,2021-09-29 21:00
1341,2,1,4,10,19,3,0,2021-09-29 22:00
1342,0,4,13,11,34,4,0,2021-09-29 23:00
1343,1,2,10,7,37,11,0,2021-09-30 0:00
1344,0,3,16,6,38,3,0,2021-09-30 1:00
1345,1,3,10,9,29,7,0,2021-09-30 2:00
1346,1,3,16,11,36,6,0,2021-09-30 3:00
1347,0,2,25,9,28,2,0,2021-09-30 4:00
1348,2,4,16,13,28,9,0,2021-09-30 5:00
1349,0,5,23,11,24,7,0,2021-09-30 6:00
1350,1,2,16,12,27,3,0,2021-09-30 7:00
1351,1,5,16,9,33,8,0,2021-09-30 8:00
1352,2,1,21,10,39,10,0,2021-09-30 9:00
1353,0,3,13,10,31,10,0,2021-09-30 10:00
1354,2,2,15,10,19,9,0,2021-09-30 11:00
1355,0,2,11,9,20,4,0,2021-09-30 12:00
1356,0,1,7,9,13,2,0,2021-09-30 13:00
1357,0,2,5,7,9,1,0,2021-09-30 14:00
1358,0,1,2,7,8,2,0,2021-09-30 15:00
1359,0,1,2,7,8,2,0,2021-09-30 16:00
1360,0,1,2,7,5,1,0,2021-09-30 17:00
1361,0,1,3,6,5,2,0,2021-09-30 18:00
1362,0,2,3,8,5,1,0,2021-09-30 19:00
1363,0,2,3,6,8,1,0,2021-09-30 20:00
1364,0,2,3,6,11,2,0,2021-09-30 21:00
1365,2,3,6,8,28,2,0,2021-09-30 22:00
1366,2,2,15,13,35,6,0,2021-09-30 23:00
1367,2,4,12,8,38,5,0,2021-10-01 0:00
1368,1,2,15,9,26,8,0,2021-10-01 1:00
1369,1,1,12,6,18,8,0,2021-10-01 2:00
1370,1,2,17,7,32,4,0,2021-10-01 3:00
1371,0,6,21,8,28,6,0,2021-10-01 4:00
1372,1,6,19,7,27,4,0,2021-10-01 5:00
1373,0,2,14,9,23,5,0,2021-10-01 6:00
1374,1,3,16,8,18,6,0,2021-10-01 7:00
1375,1,3,17,10,38,4,0,2021-10-01 8:00
1376,0,6,20,9,37,7,0,2021-10-01 9:00
1377,0,2,17,7,30,4,0,2021-10-01 10:00
1378,0,2,10,6,18,5,0,2021-10-01 11:00
1379,0,2,11,6,16,1,0,2021-10-01 12:00
1380,1,1,6,8,16,2,0,2021-10-01 13:00
1381,1,1,5,9,12,3,0,2021-10-01 14:00
1382,0,1,4,7,9,3,0,2021-10-01 15:00
1383,0,1,2,8,8,1,0,2021-10-01 16:00
1384,0,1,2,7,7,2,0,2021-10-01 17:00
1385,0,2,3,7,6,1,0,2021-10-01 18:00
1386,0,1,2,7,7,2,0,2021-10-01 19:00
1387,0,1,3,6,5,1,0,2021-10-01 20:00
1388,0,2,3,6,15,1,0,2021-10-01 21:00
1389,0,1,6,6,18,2,0,2021-10-01 22:00
1390,1,4,17,7,33,5,0,2021-10-01 23:00
1391,1,3,15,7,45,5,0,2021-10-02 0:00
1392,1,2,17,8,41,2,0,2021-10-02 1:00
1393,0,4,18,6,25,7,0,2021-10-02 2:00
1394,0,8,19,7,18,7,0,2021-10-02 3:00
1395,0,1,13,6,23,4,0,2021-10-02 4:00
1396,2,2,19,6,26,2,0,2021-10-02 5:00
1397,2,3,16,5,21,0,0,2021-10-02 6:00
1398,0,5,11,7,25,2,0,2021-10-02 7:00
1399,1,4,22,6,28,11,0,2021-10-02 8:00
1400,1,5,20,7,42,12,0,2021-10-02 9:00
1401,1,6,17,8,34,10,0,2021-10-02 10:00
1402,0,3,12,7,21,2,0,2021-10-02 11:00
1403,0,1,9,7,15,1,0,2021-10-02 12:00
1404,1,1,6,7,17,3,0,2021-10-02 13:00
1405,1,2,6,6,9,2,0,2021-10-02 14:00
1406,1,3,6,7,9,1,0,2021-10-02 15:00
1407,1,1,3,6,8,1,0,2021-10-02 16:00
1408,1,1,3,6,5,1,0,2021-10-02 17:00
1409,1,1,3,7,6,2,0,2021-10-02 18:00
1410,1,1,4,6,4,2,0,2021-10-02 19:00
1411,1,1,3,6,5,2,0,2021-10-02 20:00
1412,1,1,4,5,10,3,0,2021-10-02 21:00
1413,2,1,8,7,21,2,0,2021-10-02 22:00
1414,0,3,12,5,26,5,0,2021-10-02 23:00
1415,1,2,12,7,27,6,0,2021-10-03 0:00
1416,0,3,18,5,20,3,0,2021-10-03 1:00
1417,0,4,8,4,16,3,0,2021-10-03 2:00
1418,2,9,12,5,18,9,0,2021-10-03 3:00
1419,2,10,15,4,16,6,0,2021-10-03 4:00
1420,1,5,13,2,23,4,0,2021-10-03 5:00
1421,0,9,7,2,16,1,0,2021-10-03 6:00
1422,0,2,10,3,23,2,0,2021-10-03 7:00
1423,0,3,12,4,16,2,0,2021-10-03 8:00
1424,1,3,11,7,26,6,0,2021-10-03 9:00
1425,1,1,16,5,25,8,0,2021-10-03 10:00
1426,1,2,9,5,19,3,0,2021-10-03 11:00
1427,2,1,7,5,17,2,0,2021-10-03 12:00
1428,2,1,5,7,8,6,0,2021-10-03 13:00
1429,1,1,5,7,5,3,0,2021-10-03 14:00
1430,1,1,3,7,6,3,0,2021-10-03 15:00
1431,1,1,3,5,5,1,0,2021-10-03 16:00
1432,1,1,3,5,4,1,0,2021-10-03 17:00
1433,1,1,3,6,6,1,0,2021-10-03 18:00
1434,1,1,4,6,6,1,0,2021-10-03 19:00
1435,1,1,3,5,5,1,0,2021-10-03 20:00
1436,0,1,3,4,15,2,0,2021-10-03 21:00
1437,1,5,10,6,19,4,0,2021-10-03 22:00
1438,0,1,14,6,21,3,0,2021-10-03 23:00
1439,0,2,11,8,26,6,0,2021-10-04 0:00
1440,0,3,13,10,28,5,0,2021-10-04 1:00
1441,0,4,10,5,29,4,0,2021-10-04 2:00
1442,0,4,19,5,23,6,0,2021-10-04 3:00
1443,0,6,14,6,28,4,0,2021-10-04 4:00
1444,0,4,12,9,24,4,0,2021-10-04 5:00
1445,1,2,17,10,15,2,0,2021-10-04 6:00
1446,0,1,13,7,19,3,0,2021-10-04 7:00
1447,0,2,12,6,23,5,0,2021-10-04 8:00
1448,1,1,15,7,28,6,0,2021-10-04 9:00
1449,2,3,21,5,21,9,0,2021-10-04 10:00
1450,0,2,14,6,20,5,0,2021-10-04 11:00
1451,0,2,13,8,15,3,0,2021-10-04 12:00
1452,0,1,8,6,8,2,0,2021-10-04 13:00
1453,0,2,8,6,7,3,0,2021-10-04 14:00
1454,0,2,7,6,6,4,0,2021-10-04 15:00
1455,0,2,5,6,4,4,0,2021-10-04 16:00
1456,0,2,6,5,3,4,0,2021-10-04 17:00
1457,0,1,4,5,4,3,0,2021-10-04 18:00
1458,0,2,5,5,3,4,0,2021-10-04 19:00
1459,0,3,5,5,4,3,0,2021-10-04 20:00
1460,0,3,5,5,9,4,0,2021-10-04 21:00
1461,1,2,7,6,19,6,0,2021-10-04 22:00
1462,0,3,22,5,30,8,0,2021-10-04 23:00
1463,1,5,15,8,34,7,0,2021-10-05 0:00
1464,0,2,12,8,34,6,0,2021-10-05 1:00
1465,1,1,13,10,34,6,0,2021-10-05 2:00
1466,1,6,18,6,22,15,0,2021-10-05 3:00
1467,3,6,16,6,22,8,0,2021-10-05 4:00
1468,3,5,21,6,31,0,0,2021-10-05 5:00
1469,2,3,16,7,27,6,0,2021-10-05 6:00
1470,0,3,17,7,27,5,0,2021-10-05 7:00
1471,2,4,21,9,24,7,0,2021-10-05 8:00
1472,1,2,19,8,23,7,0,2021-10-05 9:00
1473,0,2,16,5,30,14,0,2021-10-05 10:00
1474,0,3,15,4,15,6,0,2021-10-05 11:00
1475,0,2,7,7,11,5,0,2021-10-05 12:00
1476,1,2,7,8,13,1,0,2021-10-05 13:00
1477,1,2,6,7,5,3,0,2021-10-05 14:00
1478,0,1,4,7,6,1,0,2021-10-05 15:00
1479,0,1,3,7,6,2,0,2021-10-05 16:00
1480,0,2,4,8,8,4,0,2021-10-05 17:00
1481,0,1,5,7,6,2,0,2021-10-05 18:00
1482,0,2,3,6,5,2,0,2021-10-05 19:00
1483,1,1,5,6,7,4,0,2021-10-05 20:00
1484,1,2,4,6,11,2,0,2021-10-05 21:00
1485,2,1,10,9,21,5,0,2021-10-05 22:00
1486,1,4,21,8,36,5,0,2021-10-05 23:00
1487,1,2,11,8,26,5,0,2021-10-06 0:00
1488,1,2,17,7,29,4,0,2021-10-06 1:00
1489,0,5,19,11,30,7,0,2021-10-06 2:00
1490,1,1,20,10,18,7,0,2021-10-06 3:00
1491,1,3,20,13,22,8,0,2021-10-06 4:00
1492,1,5,15,10,19,7,0,2021-10-06 5:00
1493,0,2,19,7,24,4,0,2021-10-06 6:00
1494,0,2,21,10,16,6,0,2021-10-06 7:00
1495,2,3,21,8,28,3,0,2021-10-06 8:00
1496,3,4,29,10,24,6,0,2021-10-06 9:00
1497,0,2,17,6,24,11,0,2021-10-06 10:00
1498,0,2,19,8,21,4,0,2021-10-06 11:00
1499,0,1,9,6,13,3,0,2021-10-06 12:00
1500,0,1,7,6,14,1,0,2021-10-06 13:00
1501,0,1,6,6,6,1,0,2021-10-06 14:00
1502,0,1,5,7,8,2,0,2021-10-06 15:00
1503,0,1,4,8,5,3,0,2021-10-06 16:00
1504,0,1,3,6,6,1,0,2021-10-06 17:00
1505,0,1,4,7,6,2,0,2021-10-06 18:00
1506,0,2,4,7,4,2,0,2021-10-06 19:00
1507,0,2,4,6,2,1,0,2021-10-06 20:00
1508,0,2,4,6,9,2,0,2021-10-06 21:00
1509,0,2,6,5,20,6,0,2021-10-06 22:00
1510,1,4,15,11,28,5,0,2021-10-06 23:00
1511,1,2,11,9,29,6,0,2021-10-07 0:00
1512,2,7,14,8,31,8,0,2021-10-07 1:00
1513,0,6,15,7,22,5,0,2021-10-07 2:00
1514,0,5,18,10,21,7,0,2021-10-07 3:00
1515,1,2,23,9,28,6,0,2021-10-07 4:00
1516,2,7,14,7,28,7,0,2021-10-07 5:00
1517,1,8,25,9,23,8,0,2021-10-07 6:00
1518,0,3,19,8,20,4,0,2021-10-07 7:00
1519,0,6,18,7,21,6,0,2021-10-07 8:00
1520,1,4,21,9,36,15,0,2021-10-07 9:00
1521,0,2,11,7,29,8,0,2021-10-07 10:00
1522,0,3,16,6,22,6,0,2021-10-07 11:00
1523,0,3,11,7,12,6,0,2021-10-07 12:00
1524,0,2,10,7,16,4,0,2021-10-07 13:00
1525,0,1,8,6,11,4,0,2021-10-07 14:00
1526,1,1,4,5,9,2,0,2021-10-07 15:00
1527,0,2,4,7,9,3,0,2021-10-07 16:00
1528,0,1,3,6,6,1,0,2021-10-07 17:00
1529,0,1,4,7,6,3,0,2021-10-07 18:00
1530,0,2,4,6,5,2,0,2021-10-07 19:00
1531,0,3,4,6,5,3,0,2021-10-07 20:00
1532,1,2,5,9,12,2,0,2021-10-07 21:00
1533,1,2,11,7,22,7,0,2021-10-07 22:00
1534,1,4,15,7,33,6,0,2021-10-07 23:00
1535,2,4,15,10,34,11,0,2021-10-08 0:00
1536,0,3,17,8,25,9,0,2021-10-08 1:00
1537,0,3,10,7,29,9,0,2021-10-08 2:00
1538,0,3,17,11,29,10,0,2021-10-08 3:00
1539,1,7,18,12,32,7,0,2021-10-08 4:00
1540,1,3,22,10,31,4,0,2021-10-08 5:00
1541,1,3,16,6,33,5,0,2021-10-08 6:00
1542,1,4,18,10,37,6,0,2021-10-08 7:00
1543,0,6,19,7,33,7,0,2021-10-08 8:00
1544,1,5,13,7,28,11,0,2021-10-08 9:00
1545,0,6,17,8,26,11,0,2021-10-08 10:00
1546,0,2,13,8,20,6,0,2021-10-08 11:00
1547,0,1,9,5,18,7,0,2021-10-08 12:00
1548,0,1,5,8,17,4,0,2021-10-08 13:00
1549,1,1,5,7,14,4,0,2021-10-08 14:00
1550,0,2,5,6,10,3,0,2021-10-08 15:00
1551,0,1,4,6,10,1,0,2021-10-08 16:00
1552,1,2,5,6,7,3,0,2021-10-08 17:00
1553,1,1,3,7,5,4,0,2021-10-08 18:00
1554,1,2,3,6,5,4,0,2021-10-08 19:00
1555,0,2,3,6,5,3,0,2021-10-08 20:00
1556,0,2,3,6,9,3,0,2021-10-08 21:00
1557,1,2,9,6,16,2,0,2021-10-08 22:00
1558,2,3,12,6,34,6,0,2021-10-08 23:00
1559,1,5,15,6,27,6,0,2021-10-09 0:00
1560,1,2,11,6,29,3,0,2021-10-09 1:00
1561,1,2,9,4,28,4,0,2021-10-09 2:00
1562,0,3,14,6,24,7,0,2021-10-09 3:00
1563,0,5,12,7,21,5,0,2021-10-09 4:00
1564,0,4,14,4,20,3,0,2021-10-09 5:00
1565,0,2,18,7,24,3,0,2021-10-09 6:00
1566,0,6,14,7,15,3,0,2021-10-09 7:00
1567,0,3,17,9,29,6,0,2021-10-09 8:00
1568,0,4,21,8,24,5,0,2021-10-09 9:00
1569,0,3,14,8,30,9,0,2021-10-09 10:00
1570,1,2,15,8,23,7,0,2021-10-09 11:00
1571,0,2,7,6,19,6,0,2021-10-09 12:00
1572,0,1,5,7,7,3,0,2021-10-09 13:00
1573,0,1,3,7,8,3,0,2021-10-09 14:00
1574,0,2,3,6,7,4,0,2021-10-09 15:00
1575,0,1,3,6,5,5,0,2021-10-09 16:00
1576,0,2,5,6,5,4,0,2021-10-09 17:00
1577,0,2,5,6,3,3,0,2021-10-09 18:00
1578,0,1,3,6,3,2,0,2021-10-09 19:00
1579,0,1,2,6,4,2,0,2021-10-09 20:00
1580,1,1,3,5,8,1,0,2021-10-09 21:00
1581,0,1,5,7,23,1,0,2021-10-09 22:00
1582,0,1,15,6,21,4,0,2021-10-09 23:00
1583,0,1,10,7,22,2,0,2021-10-10 0:00
1584,1,4,5,7,26,3,0,2021-10-10 1:00
1585,0,3,8,5,20,1,0,2021-10-10 2:00
1586,0,2,9,6,20,4,0,2021-10-10 3:00
1587,0,7,16,6,16,5,0,2021-10-10 4:00
1588,0,6,9,4,14,3,0,2021-10-10 5:00
1589,2,4,8,5,11,0,0,2021-10-10 6:00
1590,1,3,8,9,16,3,0,2021-10-10 7:00
1591,0,3,10,6,27,7,0,2021-10-10 8:00
1592,0,4,14,8,22,4,0,2021-10-10 9:00
1593,0,2,9,6,27,6,0,2021-10-10 10:00
1594,1,3,6,5,20,4,0,2021-10-10 11:00
1595,1,2,5,8,15,6,0,2021-10-10 12:00
1596,0,2,4,5,8,2,0,2021-10-10 13:00
1597,0,2,5,6,7,3,0,2021-10-10 14:00
1598,0,2,3,7,6,1,0,2021-10-10 15:00
1599,0,1,3,6,5,2,0,2021-10-10 16:00
1600,0,1,2,6,5,2,0,2021-10-10 17:00
1601,0,1,3,6,5,2,0,2021-10-10 18:00
1602,0,1,4,6,6,3,0,2021-10-10 19:00
1603,0,1,2,6,5,3,0,2021-10-10 20:00
1604,0,1,3,5,9,2,0,2021-10-10 21:00
1605,1,1,5,5,17,4,0,2021-10-10 22:00
1606,0,2,14,7,30,6,0,2021-10-10 23:00
1607,0,4,13,8,34,6,0,2021-10-11 0:00
1608,1,5,19,6,46,6,0,2021-10-11 1:00
1609,1,6,20,7,32,7,0,2021-10-11 2:00
1610,1,4,17,9,35,10,0,2021-10-11 3:00
1611,1,10,23,11,37,6,0,2021-10-11 4:00
1612,1,4,19,6,28,7,0,2021-10-11 5:00
1613,2,2,19,10,33,5,0,2021-10-11 6:00
1614,0,4,16,8,23,5,0,2021-10-11 7:00
1615,1,2,17,9,31,6,0,2021-10-11 8:00
1616,1,3,17,7,30,6,0,2021-10-11 9:00
1617,2,3,17,7,33,3,0,2021-10-11 10:00
1618,1,1,12,6,22,7,0,2021-10-11 11:00
1619,1,1,7,7,17,2,0,2021-10-11 12:00
1620,1,2,7,7,7,3,0,2021-10-11 13:00
1621,0,1,6,7,7,4,0,2021-10-11 14:00
1622,0,1,4,7,6,4,0,2021-10-11 15:00
1623,0,2,5,6,5,2,0,2021-10-11 16:00
1624,0,2,4,6,5,2,0,2021-10-11 17:00
1625,0,1,4,5,6,2,0,2021-10-11 18:00
1626,0,2,5,5,6,2,0,2021-10-11 19:00
1627,0,2,6,5,9,2,0,2021-10-11 20:00
1628,2,2,8,5,12,2,0,2021-10-11 21:00
1629,1,2,7,8,23,3,0,2021-10-11 22:00
1630,2,2,19,11,32,6,0,2021-10-11 23:00
1631,1,3,16,8,28,6,0,2021-10-12 0:00
1632,0,3,16,9,38,8,0,2021-10-12 1:00
1633,0,3,13,10,31,4,0,2021-10-12 2:00
1634,0,4,15,10,32,7,0,2021-10-12 3:00
1635,0,8,20,13,40,6,0,2021-10-12 4:00
1636,1,4,27,9,36,9,0,2021-10-12 5:00
1637,1,2,27,11,27,5,0,2021-10-12 6:00
1638,1,2,18,10,28,7,0,2021-10-12 7:00
1639,0,3,15,10,30,5,0,2021-10-12 8:00
1640,1,1,18,10,27,3,0,2021-10-12 9:00
1641,1,2,12,8,30,7,0,2021-10-12 10:00
1642,0,1,12,9,19,5,0,2021-10-12 11:00
1643,0,1,8,6,13,3,0,2021-10-12 12:00
1644,0,2,5,7,10,4,0,2021-10-12 13:00
1645,0,3,4,6,6,2,0,2021-10-12 14:00
1646,0,2,3,8,6,2,0,2021-10-12 15:00
1647,0,3,4,6,7,3,0,2021-10-12 16:00
1648,0,2,3,6,4,2,0,2021-10-12 17:00
1649,0,2,3,6,3,2,0,2021-10-12 18:00
1650,0,3,3,6,4,2,0,2021-10-12 19:00
1651,0,2,4,6,4,2,0,2021-10-12 20:00
1652,0,3,5,6,14,3,0,2021-10-12 21:00
1653,0,4,6,8,18,4,0,2021-10-12 22:00
1654,2,4,15,9,40,8,0,2021-10-12 23:00
1655,0,6,13,5,28,2,0,2021-10-13 0:00
1656,0,4,20,10,24,10,0,2021-10-13 1:00
1657,0,3,16,11,28,7,0,2021-10-13 2:00
1658,0,6,17,11,25,9,0,2021-10-13 3:00
1659,0,5,18,11,34,14,0,2021-10-13 4:00
1660,0,4,15,11,26,5,0,2021-10-13 5:00
1661,0,5,16,9,28,2,0,2021-10-13 6:00
1662,0,2,15,8,22,6,0,2021-10-13 7:00
1663,0,1,18,7,29,7,0,2021-10-13 8:00
1664,0,5,22,9,31,8,0,2021-10-13 9:00
1665,0,2,17,12,55,6,0,2021-10-13 10:00
1666,0,2,16,9,20,7,0,2021-10-13 11:00
1667,0,1,8,6,17,2,0,2021-10-13 12:00
1668,0,1,6,7,8,4,0,2021-10-13 13:00
1669,0,1,6,7,3,3,0,2021-10-13 14:00
1670,0,1,4,7,5,2,0,2021-10-13 15:00
1671,0,1,4,6,9,3,0,2021-10-13 16:00
1672,0,1,4,6,3,2,0,2021-10-13 17:00
1673,0,1,4,6,4,3,0,2021-10-13 18:00
1674,0,2,3,6,3,2,0,2021-10-13 19:00
1675,0,1,3,6,8,2,0,2021-10-13 20:00
1676,0,1,5,8,11,2,0,2021-10-13 21:00
1677,0,2,5,9,17,6,0,2021-10-13 22:00
1678,2,5,19,13,36,6,0,2021-10-13 23:00
1679,0,3,12,9,42,10,0,2021-10-14 0:00
1680,0,2,14,11,38,4,0,2021-10-14 1:00
1681,1,4,12,9,24,6,0,2021-10-14 2:00
1682,1,2,19,8,25,7,0,2021-10-14 3:00
1683,1,2,19,10,33,7,0,2021-10-14 4:00
1684,0,5,11,12,32,4,0,2021-10-14 5:00
1685,0,4,16,10,32,2,0,2021-10-14 6:00
1686,0,3,15,11,32,4,0,2021-10-14 7:00
1687,0,3,14,9,36,5,0,2021-10-14 8:00
1688,0,2,19,10,31,7,0,2021-10-14 9:00
1689,0,5,8,9,33,4,0,2021-10-14 10:00
1690,0,1,11,8,21,8,0,2021-10-14 11:00
1691,0,2,8,4,13,5,0,2021-10-14 12:00
1692,0,1,7,7,16,5,0,2021-10-14 13:00
1693,0,1,4,6,9,1,0,2021-10-14 14:00
1694,0,1,3,7,4,1,0,2021-10-14 15:00
1695,0,1,4,6,4,1,0,2021-10-14 16:00
1696,0,1,3,6,2,2,0,2021-10-14 17:00
1697,0,1,4,6,4,4,0,2021-10-14 18:00
1698,0,1,5,6,3,3,0,2021-10-14 19:00
1699,0,1,4,6,3,2,0,2021-10-14 20:00
1700,1,1,5,6,8,3,0,2021-10-14 21:00
1701,0,2,10,8,24,4,0,2021-10-14 22:00
1702,1,3,9,7,28,8,0,2021-10-14 23:00
1703,1,2,14,9,27,4,0,2021-10-15 0:00
1704,0,5,8,9,33,6,0,2021-10-15 1:00
1705,0,1,13,9,23,6,0,2021-10-15 2:00
1706,0,2,15,12,29,6,0,2021-10-15 3:00
1707,0,4,20,13,25,10,0,2021-10-15 4:00
1708,0,6,16,10,30,5,0,2021-10-15 5:00
1709,0,4,23,9,26,3,0,2021-10-15 6:00
1710,0,1,19,12,34,10,0,2021-10-15 7:00
1711,0,3,14,8,27,4,0,2021-10-15 8:00
1712,2,2,13,8,26,5,0,2021-10-15 9:00
1713,0,3,11,6,25,4,0,2021-10-15 10:00
1714,2,1,10,10,15,5,0,2021-10-15 11:00
1715,1,2,8,9,12,3,0,2021-10-15 12:00
1716,0,1,5,8,8,5,0,2021-10-15 13:00
1717,0,1,3,6,10,3,0,2021-10-15 14:00
1718,0,1,3,5,7,2,0,2021-10-15 15:00
1719,0,1,2,6,6,3,0,2021-10-15 16:00
1720,0,1,2,6,4,2,0,2021-10-15 17:00
1721,0,1,2,6,4,1,0,2021-10-15 18:00
1722,0,1,2,6,4,3,0,2021-10-15 19:00
1723,0,1,3,6,6,3,0,2021-10-15 20:00
1724,0,1,3,6,7,2,0,2021-10-15 21:00
1725,2,4,9,5,17,6,0,2021-10-15 22:00
1726,0,3,17,8,35,4,0,2021-10-15 23:00
1727,1,2,16,6,34,9,0,2021-10-16 0:00
1728,2,8,17,7,38,10,0,2021-10-16 1:00
1729,3,7,16,7,37,6,0,2021-10-16 2:00
1730,1,6,19,9,31,9,0,2021-10-16 3:00
1731,0,4,34,7,47,13,0,2021-10-16 4:00
1732,0,6,18,8,32,12,0,2021-10-16 5:00
1733,0,5,17,7,31,10,0,2021-10-16 6:00
1734,2,7,20,9,32,5,0,2021-10-16 7:00
1735,0,7,17,5,26,7,0,2021-10-16 8:00
1736,0,4,16,10,31,5,0,2021-10-16 9:00
1737,0,3,17,11,42,5,0,2021-10-16 10:00
1738,0,2,10,8,20,6,0,2021-10-16 11:00
1739,1,1,9,6,13,5,0,2021-10-16 12:00
1740,0,1,11,6,15,3,0,2021-10-16 13:00
1741,0,3,5,7,11,3,0,2021-10-16 14:00
1742,0,1,4,6,9,4,0,2021-10-16 15:00
1743,0,2,3,7,9,2,0,2021-10-16 16:00
1744,0,3,3,7,6,2,0,2021-10-16 17:00
1745,0,2,3,7,7,2,0,2021-10-16 18:00
1746,0,2,3,7,5,2,0,2021-10-16 19:00
1747,0,1,3,6,4,2,0,2021-10-16 20:00
1748,0,2,6,7,13,2,0,2021-10-16 21:00
1749,0,2,7,6,21,2,0,2021-10-16 22:00
1750,1,4,11,7,26,8,0,2021-10-16 23:00
1751,0,3,13,10,24,8,0,2021-10-17 0:00
1752,2,3,12,8,35,7,0,2021-10-17 1:00
1753,1,6,11,8,23,5,0,2021-10-17 2:00
1754,0,7,16,9,24,4,0,2021-10-17 3:00
1755,1,5,17,7,28,9,0,2021-10-17 4:00
1756,0,5,19,7,38,7,0,2021-10-17 5:00
1757,0,5,17,7,26,5,0,2021-10-17 6:00
1758,1,4,16,8,24,3,0,2021-10-17 7:00
1759,1,3,14,12,29,4,0,2021-10-17 8:00
1760,0,3,11,7,33,4,0,2021-10-17 9:00
1761,1,3,18,7,33,8,0,2021-10-17 10:00
1762,2,2,11,9,26,3,0,2021-10-17 11:00
1763,0,2,8,7,15,2,0,2021-10-17 12:00
1764,0,3,6,8,14,4,0,2021-10-17 13:00
1765,0,2,3,6,13,2,0,2021-10-17 14:00
1766,0,1,2,6,8,3,0,2021-10-17 15:00
1767,0,2,3,7,7,2,0,2021-10-17 16:00
1768,0,3,2,7,6,2,0,2021-10-17 17:00
1769,0,2,2,7,8,2,0,2021-10-17 18:00
1770,0,1,1,6,9,3,0,2021-10-17 19:00
1771,0,2,2,6,9,2,0,2021-10-17 20:00
1772,0,4,2,6,9,3,0,2021-10-17 21:00
1773,1,3,6,6,36,4,0,2021-10-17 22:00
1774,1,6,19,18,50,7,0,2021-10-17 23:00
1775,0,3,24,12,49,9,0,2021-10-18 0:00
1776,2,3,18,11,39,5,0,2021-10-18 1:00
1777,1,7,17,7,39,6,0,2021-10-18 2:00
1778,0,4,16,9,41,9,0,2021-10-18 3:00
1779,1,9,21,11,49,8,0,2021-10-18 4:00
1780,1,5,29,9,38,8,0,2021-10-18 5:00
1781,3,6,29,8,35,8,0,2021-10-18 6:00
1782,0,3,18,8,30,10,0,2021-10-18 7:00
1783,2,8,20,9,25,9,0,2021-10-18 8:00
1784,1,4,25,10,28,12,0,2021-10-18 9:00
1785,0,3,16,13,32,10,0,2021-10-18 10:00
1786,0,2,13,10,18,8,0,2021-10-18 11:00
1787,0,2,11,7,24,3,0,2021-10-18 12:00
1788,0,2,8,5,14,4,0,2021-10-18 13:00
1789,0,3,2,6,11,3,0,2021-10-18 14:00
1790,0,2,3,7,9,2,0,2021-10-18 15:00
1791,0,1,3,6,7,2,0,2021-10-18 16:00
1792,1,1,2,5,4,2,0,2021-10-18 17:00
1793,0,1,2,6,4,2,0,2021-10-18 18:00
1794,0,1,4,6,5,2,0,2021-10-18 19:00
1795,0,1,3,6,6,2,0,2021-10-18 20:00
1796,0,1,5,6,14,3,0,2021-10-18 21:00
1797,1,2,9,7,20,4,0,2021-10-18 22:00
1798,1,6,21,9,41,9,0,2021-10-18 23:00
1799,2,4,16,8,31,5,0,2021-10-19 0:00
1800,1,4,23,9,36,13,0,2021-10-19 1:00
1801,1,4,18,10,31,8,0,2021-10-19 2:00
1802,1,4,17,9,43,9,0,2021-10-19 3:00
1803,2,9,20,11,40,15,0,2021-10-19 4:00
1804,0,10,17,12,28,6,0,2021-10-19 5:00
1805,0,3,23,9,29,4,0,2021-10-19 6:00
1806,1,6,22,17,31,14,0,2021-10-19 7:00
1807,2,4,21,9,44,6,0,2021-10-19 8:00
1808,0,5,18,10,37,14,0,2021-10-19 9:00
1809,1,4,11,9,45,13,0,2021-10-19 10:00
1810,0,3,10,9,21,14,0,2021-10-19 11:00
1811,0,1,9,7,18,4,0,2021-10-19 12:00
1812,0,2,6,8,9,4,0,2021-10-19 13:00
1813,0,2,3,8,7,2,0,2021-10-19 14:00
1814,0,1,2,7,7,2,0,2021-10-19 15:00
1815,0,2,3,8,7,4,0,2021-10-19 16:00
1816,0,1,4,8,3,4,0,2021-10-19 17:00
1817,0,3,4,7,4,2,0,2021-10-19 18:00
1818,0,2,3,7,4,2,0,2021-10-19 19:00
1819,0,2,4,6,7,2,0,2021-10-19 20:00
1820,1,3,4,7,14,4,0,2021-10-19 21:00
1821,1,3,9,9,25,5,0,2021-10-19 22:00
1822,1,4,15,13,40,7,0,2021-10-19 23:00
1823,0,4,17,11,38,8,0,2021-10-20 0:00
1824,1,3,14,11,35,8,0,2021-10-20 1:00
1825,3,5,24,13,27,5,0,2021-10-20 2:00
1826,1,4,23,10,41,9,0,2021-10-20 3:00
1827,3,4,25,11,41,5,0,2021-10-20 4:00
1828,1,6,23,15,35,8,0,2021-10-20 5:00
1829,1,6,29,7,41,8,0,2021-10-20 6:00
1830,0,4,23,12,40,9,0,2021-10-20 7:00
1831,1,4,18,10,36,7,0,2021-10-20 8:00
1832,1,3,26,9,34,8,0,2021-10-20 9:00
1833,2,2,20,8,31,8,0,2021-10-20 10:00
1834,0,2,20,6,25,7,0,2021-10-20 11:00
1835,0,2,12,6,16,5,0,2021-10-20 12:00
1836,1,4,8,6,11,5,0,2021-10-20 13:00
1837,1,4,8,6,21,2,0,2021-10-20 14:00
1838,0,1,6,7,10,2,0,2021-10-20 15:00
1839,0,1,6,6,7,2,0,2021-10-20 16:00
1840,0,2,6,6,5,3,0,2021-10-20 17:00
1841,0,3,6,7,6,2,0,2021-10-20 18:00
1842,0,3,7,7,5,2,0,2021-10-20 19:00
1843,0,4,7,8,6,2,0,2021-10-20 20:00
1844,1,4,7,8,17,3,0,2021-10-20 21:00
1845,0,2,12,13,26,5,0,2021-10-20 22:00
1846,0,4,21,15,39,11,0,2021-10-20 23:00
1847,0,5,22,10,52,10,0,2021-10-21 0:00
1848,2,4,24,9,37,15,0,2021-10-21 1:00
1849,1,8,19,10,40,12,0,2021-10-21 2:00
1850,0,6,19,10,38,11,0,2021-10-21 3:00
1851,3,6,22,11,41,9,0,2021-10-21 4:00
1852,1,7,22,10,40,12,0,2021-10-21 5:00
1853,0,8,18,15,36,7,0,2021-10-21 6:00
1854,1,4,19,12,28,7,0,2021-10-21 7:00
1855,1,4,23,11,40,7,0,2021-10-21 8:00
1856,1,3,20,5,43,14,0,2021-10-21 9:00
1857,3,3,13,9,33,15,0,2021-10-21 10:00
1858,0,1,13,8,25,10,0,2021-10-21 11:00
1859,0,1,8,5,14,10,0,2021-10-21 12:00
1860,0,2,6,6,14,6,0,2021-10-21 13:00
1861,0,1,8,6,17,3,0,2021-10-21 14:00
1862,0,2,5,5,14,2,0,2021-10-21 15:00
1863,0,1,5,5,5,3,0,2021-10-21 16:00
1864,0,1,5,4,4,4,0,2021-10-21 17:00
1865,0,1,4,5,3,3,0,2021-10-21 18:00
1866,0,2,4,5,5,3,0,2021-10-21 19:00
1867,0,3,5,5,5,2,0,2021-10-21 20:00
1868,0,1,6,5,9,5,0,2021-10-21 21:00
1869,0,2,12,5,22,3,0,2021-10-21 22:00
1870,0,5,13,13,43,14,0,2021-10-21 23:00
1871,1,6,22,10,41,11,0,2021-10-22 0:00
1872,1,7,20,14,38,12,0,2021-10-22 1:00
1873,1,3,24,12,28,4,0,2021-10-22 2:00
1874,1,7,19,11,38,11,0,2021-10-22 3:00
1875,1,9,28,11,42,11,0,2021-10-22 4:00
1876,0,4,19,9,37,10,0,2021-10-22 5:00
1877,1,3,25,10,44,9,0,2021-10-22 6:00
1878,1,5,17,12,40,9,0,2021-10-22 7:00
1879,2,4,26,10,41,8,0,2021-10-22 8:00
1880,0,4,22,12,31,11,0,2021-10-22 9:00
1881,0,3,17,8,30,10,0,2021-10-22 10:00
1882,0,4,14,5,25,9,0,2021-10-22 11:00
1883,0,1,8,6,13,5,0,2021-10-22 12:00
1884,0,1,8,5,13,5,0,2021-10-22 13:00
1885,0,2,7,5,9,3,0,2021-10-22 14:00
1886,0,2,7,5,12,9,0,2021-10-22 15:00
1887,0,1,4,5,9,4,0,2021-10-22 16:00
1888,0,2,5,5,4,3,0,2021-10-22 17:00
1889,0,1,4,5,4,4,0,2021-10-22 18:00
1890,0,1,5,5,4,2,0,2021-10-22 19:00
1891,0,2,7,5,4,2,0,2021-10-22 20:00
1892,0,3,8,6,8,3,0,2021-10-22 21:00
1893,0,4,14,10,21,2,0,2021-10-22 22:00
1894,0,4,17,8,37,13,0,2021-10-22 23:00
1895,0,3,20,10,43,10,0,2021-10-23 0:00
1896,1,4,20,9,37,6,0,2021-10-23 1:00
1897,0,5,19,8,37,7,0,2021-10-23 2:00
1898,0,13,24,8,36,9,0,2021-10-23 3:00
1899,1,8,19,9,36,10,0,2021-10-23 4:00
1900,0,1,23,5,22,9,0,2021-10-23 5:00
1901,1,4,25,5,26,10,0,2021-10-23 6:00
1902,0,6,20,6,25,6,0,2021-10-23 7:00
1903,0,5,22,10,38,8,0,2021-10-23 8:00
1904,1,7,24,8,38,8,0,2021-10-23 9:00
1905,1,4,22,5,38,9,0,2021-10-23 10:00
1906,2,5,14,6,25,10,0,2021-10-23 11:00
1907,0,3,13,10,18,4,0,2021-10-23 12:00
1908,2,3,8,5,9,4,0,2021-10-23 13:00
1909,0,2,8,5,14,1,0,2021-10-23 14:00
1910,0,4,7,4,12,2,0,2021-10-23 15:00
1911,0,3,5,4,10,1,0,2021-10-23 16:00
1912,0,2,8,5,7,1,0,2021-10-23 17:00
1913,0,2,9,6,4,1,0,2021-10-23 18:00
1914,0,3,5,6,7,1,0,2021-10-23 19:00
1915,0,3,5,6,9,1,0,2021-10-23 20:00
1916,0,3,7,6,12,4,0,2021-10-23 21:00
1917,0,5,7,7,17,2,0,2021-10-23 22:00
1918,1,3,11,8,33,6,0,2021-10-23 23:00
1919,1,7,20,11,28,6,0,2021-10-24 0:00
1920,2,5,17,7,26,8,0,2021-10-24 1:00
1921,1,3,22,8,23,11,0,2021-10-24 2:00
1922,0,2,25,4,30,4,0,2021-10-24 3:00
1923,1,7,20,4,31,7,0,2021-10-24 4:00
1924,0,4,14,4,26,10,0,2021-10-24 5:00
1925,0,3,16,6,26,5,0,2021-10-24 6:00
1926,2,2,14,5,26,6,0,2021-10-24 7:00
1927,0,1,16,6,36,15,0,2021-10-24 8:00
1928,0,4,19,7,34,4,0,2021-10-24 9:00
1929,0,7,15,6,42,9,0,2021-10-24 10:00
1930,0,2,13,7,20,7,0,2021-10-24 11:00
1931,0,1,9,4,14,4,0,2021-10-24 12:00
1932,0,2,8,5,8,3,0,2021-10-24 13:00
1933,0,1,7,4,12,2,0,2021-10-24 14:00
1934,0,1,6,4,9,2,0,2021-10-24 15:00
1935,0,2,5,4,7,2,0,2021-10-24 16:00
1936,0,1,4,5,8,2,0,2021-10-24 17:00
1937,0,1,4,5,6,2,0,2021-10-24 18:00
1938,0,1,5,5,6,3,0,2021-10-24 19:00
1939,0,2,5,4,7,3,0,2021-10-24 20:00
1940,0,2,7,6,17,4,0,2021-10-24 21:00
1941,1,2,10,12,27,6,0,2021-10-24 22:00
1942,0,4,23,16,37,7,0,2021-10-24 23:00
1943,0,4,14,12,45,10,0,2021-10-25 0:00
1944,0,5,21,13,36,14,0,2021-10-25 1:00
1945,0,5,31,13,43,12,0,2021-10-25 2:00
1946,0,3,23,10,34,11,0,2021-10-25 3:00
1947,0,3,26,17,32,15,0,2021-10-25 4:00
1948,3,1,22,10,37,12,0,2021-10-25 5:00
1949,0,4,19,6,42,10,0,2021-10-25 6:00
1950,0,4,25,14,26,13,0,2021-10-25 7:00
1951,2,4,25,7,45,8,0,2021-10-25 8:00
1952,1,2,23,9,41,6,0,2021-10-25 9:00
1953,0,5,18,8,38,12,0,2021-10-25 10:00
1954,1,4,11,6,19,7,0,2021-10-25 11:00
1955,1,2,8,6,12,6,0,2021-10-25 12:00
1956,1,1,8,5,11,3,0,2021-10-25 13:00
1957,0,1,7,6,11,2,0,2021-10-25 14:00
1958,0,2,5,7,12,3,0,2021-10-25 15:00
1959,0,1,6,6,10,2,0,2021-10-25 16:00
1960,0,2,4,6,11,3,0,2021-10-25 17:00
1961,0,2,4,5,9,2,0,2021-10-25 18:00
1962,0,2,3,6,12,2,0,2021-10-25 19:00
1963,0,1,4,7,9,2,0,2021-10-25 20:00
1964,0,1,5,6,20,2,0,2021-10-25 21:00
1965,0,1,7,8,25,5,0,2021-10-25 22:00
1966,0,3,26,15,53,13,0,2021-10-25 23:00
1967,0,5,16,11,42,10,0,2021-10-26 0:00
1968,0,4,17,8,39,11,0,2021-10-26 1:00
1969,1,4,20,9,35,10,0,2021-10-26 2:00
1970,0,5,22,10,37,11,0,2021-10-26 3:00
1971,0,4,22,9,34,5,0,2021-10-26 4:00
1972,0,3,20,8,43,11,0,2021-10-26 5:00
1973,0,1,15,13,37,7,0,2021-10-26 6:00
1974,0,2,19,10,29,9,0,2021-10-26 7:00
1975,1,6,20,9,41,13,0,2021-10-26 8:00
1976,1,2,17,8,38,12,0,2021-10-26 9:00
1977,1,3,11,10,34,13,0,2021-10-26 10:00
1978,1,1,15,7,21,10,0,2021-10-26 11:00
1979,0,2,10,6,23,6,0,2021-10-26 12:00
1980,0,1,10,6,12,5,0,2021-10-26 13:00
1981,0,1,4,5,13,5,0,2021-10-26 14:00
1982,0,2,4,5,12,3,0,2021-10-26 15:00
1983,0,1,4,6,10,4,0,2021-10-26 16:00
1984,0,1,4,6,7,2,0,2021-10-26 17:00
1985,0,2,5,6,7,2,0,2021-10-26 18:00
1986,0,2,5,5,8,2,0,2021-10-26 19:00
1987,0,2,4,6,9,2,0,2021-10-26 20:00
1988,0,1,5,6,10,2,0,2021-10-26 21:00
1989,0,1,7,6,27,5,0,2021-10-26 22:00
1990,1,5,20,12,34,11,0,2021-10-26 23:00
1991,0,3,17,8,36,9,0,2021-10-27 0:00
1992,1,3,19,11,35,6,0,2021-10-27 1:00
1993,0,3,23,10,35,12,0,2021-10-27 2:00
1994,0,8,26,7,27,12,0,2021-10-27 3:00
1995,2,6,27,14,42,12,0,2021-10-27 4:00
1996,0,4,24,13,33,10,0,2021-10-27 5:00
1997,0,6,19,12,31,7,0,2021-10-27 6:00
1998,0,3,25,15,30,6,0,2021-10-27 7:00
1999,0,9,20,10,43,10,0,2021-10-27 8:00
2000,0,6,20,8,41,14,0,2021-10-27 9:00
2001,0,3,14,10,35,12,0,2021-10-27 10:00
2002,0,2,18,7,26,14,0,2021-10-27 11:00
2003,0,3,10,7,19,7,0,2021-10-27 12:00
2004,1,1,7,7,14,4,0,2021-10-27 13:00
2005,1,1,4,8,9,1,0,2021-10-27 14:00
2006,0,2,4,5,9,2,0,2021-10-27 15:00
2007,0,1,3,4,14,1,0,2021-10-27 16:00
2008,0,1,3,6,9,2,0,2021-10-27 17:00
2009,0,1,3,6,10,2,0,2021-10-27 18:00
2010,0,3,3,6,8,3,0,2021-10-27 19:00
2011,1,1,4,5,10,2,0,2021-10-27 20:00
2012,1,3,7,6,21,2,0,2021-10-27 21:00
2013,1,5,8,7,35,6,0,2021-10-27 22:00
2014,1,6,18,13,50,6,0,2021-10-27 23:00
2015,0,4,25,11,46,11,0,2021-10-28 0:00
2016,1,5,22,11,34,12,0,2021-10-28 1:00
2017,3,7,16,9,35,11,0,2021-10-28 2:00
2018,0,4,21,7,34,8,0,2021-10-28 3:00
2019,2,1,25,7,49,9,0,2021-10-28 4:00
2020,0,5,19,17,43,10,0,2021-10-28 5:00
2021,1,4,23,14,28,10,0,2021-10-28 6:00
2022,0,5,17,16,27,9,0,2021-10-28 7:00
2023,0,3,17,9,29,9,0,2021-10-28 8:00
2024,0,8,23,12,39,15,0,2021-10-28 9:00
2025,0,4,14,11,29,12,0,2021-10-28 10:00
2026,1,3,12,6,30,11,0,2021-10-28 11:00
2027,0,2,6,6,21,7,0,2021-10-28 12:00
2028,0,1,6,5,11,2,0,2021-10-28 13:00
2029,0,2,4,6,7,3,0,2021-10-28 14:00
2030,0,1,3,6,10,2,0,2021-10-28 15:00
2031,0,2,3,8,6,2,0,2021-10-28 16:00
2032,0,2,3,8,7,3,0,2021-10-28 17:00
2033,0,2,2,7,8,2,0,2021-10-28 18:00
2034,0,2,3,6,6,1,0,2021-10-28 19:00
2035,0,3,3,5,9,1,0,2021-10-28 20:00
2036,0,2,5,7,18,1,0,2021-10-28 21:00
2037,1,2,6,8,20,8,0,2021-10-28 22:00
2038,0,5,20,16,48,9,0,2021-10-28 23:00
2039,0,2,18,10,39,5,0,2021-10-29 0:00
2040,0,6,19,11,44,7,0,2021-10-29 1:00
2041,1,4,22,11,35,10,0,2021-10-29 2:00
2042,1,4,20,12,32,11,0,2021-10-29 3:00
2043,0,9,32,10,44,12,0,2021-10-29 4:00
2044,0,3,19,12,31,11,0,2021-10-29 5:00
2045,0,3,21,12,33,8,0,2021-10-29 6:00
2046,1,6,20,10,29,14,0,2021-10-29 7:00
2047,0,6,23,8,33,15,0,2021-10-29 8:00
2048,0,2,14,11,36,12,0,2021-10-29 9:00
2049,0,2,20,9,35,16,0,2021-10-29 10:00
2050,0,6,11,9,21,6,0,2021-10-29 11:00
2051,0,2,10,8,18,7,0,2021-10-29 12:00
2052,1,1,10,6,16,4,0,2021-10-29 13:00
2053,1,1,5,7,12,3,0,2021-10-29 14:00
2054,2,1,5,7,12,3,0,2021-10-29 15:00
2055,0,1,5,5,9,2,0,2021-10-29 16:00
2056,0,1,5,6,5,2,0,2021-10-29 17:00
2057,0,1,5,6,7,2,0,2021-10-29 18:00
2058,0,3,5,6,7,2,0,2021-10-29 19:00
2059,1,4,6,6,8,2,0,2021-10-29 20:00
2060,0,2,9,7,18,1,0,2021-10-29 21:00
2061,0,2,9,6,33,9,0,2021-10-29 22:00
2062,0,5,17,8,35,10,0,2021-10-29 23:00
2063,1,3,25,10,37,9,0,2021-10-30 0:00
2064,0,6,29,8,44,11,0,2021-10-30 1:00
2065,0,9,22,7,42,10,0,2021-10-30 2:00
2066,1,8,24,10,31,10,0,2021-10-30 3:00
2067,2,9,25,17,36,11,0,2021-10-30 4:00
2068,1,8,27,7,26,8,0,2021-10-30 5:00
2069,1,12,16,6,28,6,0,2021-10-30 6:00
2070,1,3,22,5,31,4,0,2021-10-30 7:00
2071,0,4,25,9,33,5,0,2021-10-30 8:00
2072,2,3,18,8,41,12,0,2021-10-30 9:00
2073,0,1,20,8,36,13,0,2021-10-30 10:00
2074,1,5,12,9,24,9,0,2021-10-30 11:00
2075,0,4,8,6,14,4,0,2021-10-30 12:00
2076,1,1,6,6,15,5,0,2021-10-30 13:00
2077,1,2,5,5,15,2,0,2021-10-30 14:00
2078,1,1,5,5,12,3,0,2021-10-30 15:00
2079,1,1,7,6,8,3,0,2021-10-30 16:00
2080,1,1,8,5,8,1,0,2021-10-30 17:00
2081,1,2,5,6,8,1,0,2021-10-30 18:00
2082,1,2,5,5,8,2,0,2021-10-30 19:00
2083,1,1,5,5,9,1,0,2021-10-30 20:00
2084,1,1,5,5,17,3,0,2021-10-30 21:00
2085,1,3,7,9,19,1,0,2021-10-30 22:00
2086,1,2,12,9,26,2,0,2021-10-30 23:00
